,phenotype,class,nSNPs,Biomarker,parallel_group,reduced_name,cor,n_sig_FDR,n_sig_adj.P.Val,n_sig_bonf,SigLogFC,LogFC,p,sds
AMD,AMD,Trait,69,AMD,1,AMD,0.997553243769975,16601,20297,4092,-0.0895122262440587,-0.0553449477678977,2.80052367385525,0.0457099069876792
MacTel,MacTel,Trait,11,MacTel,1,MacTel,0.992936996542203,15966,19174,3936,0.0895446828330087,0.0579523042870889,2.6791623029999,0.0220518520513851
mac_thick,mac_thick,Trait,139,mac_thick,1,mac_thick,0.999670347230798,29041,29041,29041,1.07975000160253,1.07975000160253,Inf,0.191835344388329
Retinal_arteriolar_caliber,Retinal_arteriolar_caliber,Trait,2,Retinal_arteriolar_caliber,1,Retinal_arteriolar_caliber,0.986812728798882,1400,0,0,-0.0629257837422779,-0.0245572092362097,0.781173739540274,0.00599166636796241
Retinal_vascular_caliber,Retinal_vascular_caliber,Trait,5,Retinal_vascular_caliber,1,Retinal_vascular_caliber,0.99377379273102,29040,29041,26003,0.16668800828416,0.166684171715216,14.830959450991,0.0394935826663074
prs_for_standard_age_at_menopause_aam_f26202_0_0,standard_age_at_menopause_aam,Trait,NA,prs_for_standard_age_at_menopause_aam_f26202_0_0,1,standard_age_at_menopause_aam,0.933923851196019,5,0,0,0.049937934319747,0.00583910875845299,0.276250166332486,0.00499163757306989
prs_for_standard_agerelated_macular_degeneration_amd_f26204_0_0,standard_agerelated_macular_degeneration_amd,Trait,NA,prs_for_standard_agerelated_macular_degeneration_amd_f26204_0_0,1,standard_agerelated_macular_degeneration_amd,0.997708542047163,10853,14149,1225,-0.0390711090180309,-0.0206173268721519,1.55277618152408,0.087231545519686
prs_for_standard_alzheimers_disease_ad_f26206_0_0,standard_alzheimers_disease_ad,Trait,NA,prs_for_standard_alzheimers_disease_ad_f26206_0_0,1,standard_alzheimers_disease_ad,0.971595215531594,1216,383,0,0.0592050074108232,0.0186771119654715,0.471028533692146,0.00707000448454217
prs_for_enhanced_apolipoprotein_a1_apoea_f26208_0_0,enhanced_apolipoprotein_a1_apoea,Trait,NA,prs_for_enhanced_apolipoprotein_a1_apoea_f26208_0_0,1,enhanced_apolipoprotein_a1_apoea,0.652262879856107,681,0,0,0.183890233265769,0.0929495648294777,0.991227973084857,0.0119167074491729
prs_for_enhanced_apolipoprotein_b_apoeb_f26209_0_0,enhanced_apolipoprotein_b_apoeb,Trait,NA,prs_for_enhanced_apolipoprotein_b_apoeb_f26209_0_0,1,enhanced_apolipoprotein_b_apoeb,0.718862111858732,1,0,0,-0.178667284191861,-0.0373273969574519,0.278798248094923,NA
prs_for_standard_asthma_ast_f26210_0_0,standard_asthma_ast,Trait,NA,prs_for_standard_asthma_ast_f26210_0_0,2,standard_asthma_ast,0.985078581777418,768,0,0,0.0523131815738961,0.0141842671365235,0.330533796272446,0.0717244942428961
prs_for_standard_atrial_fibrillation_af_f26212_0_0,standard_atrial_fibrillation_af,Trait,NA,prs_for_standard_atrial_fibrillation_af_f26212_0_0,2,standard_atrial_fibrillation_af,0.964576400463465,47,0,0,0.044245937666138,0.0173196339619244,0.531128044901847,0.0265426352405288
prs_for_standard_bipolar_disorder_bd_f26214_0_0,standard_bipolar_disorder_bd,Trait,NA,prs_for_standard_bipolar_disorder_bd_f26214_0_0,2,standard_bipolar_disorder_bd,0.972071461774747,0,0,0,NaN,0.00702506991339846,0.2300443131729,NA
prs_for_standard_body_mass_index_bmi_f26216_0_0,standard_body_mass_index_bmi,Trait,NA,prs_for_standard_body_mass_index_bmi_f26216_0_0,2,standard_body_mass_index_bmi,0.978524854238692,948,0,0,-0.0641778971031585,-0.0191917890057197,0.540356745073659,0.0134604084633893
prs_for_standard_bowel_cancer_crc_f26218_0_0,standard_bowel_cancer_crc,Trait,NA,prs_for_standard_bowel_cancer_crc_f26218_0_0,2,standard_bowel_cancer_crc,0.99018625399084,4315,6342,0,-0.0600139483160831,-0.0322880884883982,1.08078855443051,0.0201126316423439
prs_for_standard_breast_cancer_bc_f26220_0_0,standard_breast_cancer_bc,Trait,NA,prs_for_standard_breast_cancer_bc_f26220_0_0,2,standard_breast_cancer_bc,0.963632400885091,4803,8570,0,-0.0615269247200961,-0.0373128945971261,1.19527996862324,0.0123489002138808
prs_for_enhanced_calcium_cal_f26222_0_0,enhanced_calcium_cal,Trait,NA,prs_for_enhanced_calcium_cal_f26222_0_0,2,enhanced_calcium_cal,0.472320454818064,9,0,0,-0.152265673910661,-0.0541767321943565,0.429165460811499,0.0153616217874675
prs_for_standard_cardiovascular_disease_cvd_f26223_0_0,standard_cardiovascular_disease_cvd,Trait,NA,prs_for_standard_cardiovascular_disease_cvd_f26223_0_0,2,standard_cardiovascular_disease_cvd,0.973484562557587,395,0,0,0.0721350654249849,0.0202990770501813,0.466017410684489,0.00802276999301332
prs_for_standard_coeliac_disease_ced_f26225_0_0,standard_coeliac_disease_ced,Trait,NA,prs_for_standard_coeliac_disease_ced_f26225_0_0,2,standard_coeliac_disease_ced,0.988483181816985,10198,14232,0,0.0719662276315039,0.0406772903755536,1.56542325005403,0.0188598424134684
prs_for_standard_coronary_artery_disease_cad_f26227_0_0,standard_coronary_artery_disease_cad,Trait,NA,prs_for_standard_coronary_artery_disease_cad_f26227_0_0,2,standard_coronary_artery_disease_cad,0.9667760973176,4,0,0,0.067859797419574,0.0149068529708681,0.39505570454886,0.00790993209100421
prs_for_standard_crohns_disease_cd_f26229_0_0,standard_crohns_disease_cd,Trait,NA,prs_for_standard_crohns_disease_cd_f26229_0_0,2,standard_crohns_disease_cd,0.937170905957486,1025,0,0,0.052236036814254,0.0313746525047623,0.917662959380369,0.00519134085020659
prs_for_enhanced_docosahexaenoic_acid_doa_f26231_0_0,enhanced_docosahexaenoic_acid_doa,Trait,NA,prs_for_enhanced_docosahexaenoic_acid_doa_f26231_0_0,2,enhanced_docosahexaenoic_acid_doa,0.652401599179144,0,0,0,NaN,0.0245922853680243,0.219232540742593,NA
prs_for_standard_epithelial_ovarian_cancer_eoc_f26232_0_0,standard_epithelial_ovarian_cancer_eoc,Trait,NA,prs_for_standard_epithelial_ovarian_cancer_eoc_f26232_0_0,2,standard_epithelial_ovarian_cancer_eoc,0.984057641176341,26,0,0,0.0640832035911452,0.0157110118896454,0.436670916790892,0.00367965535255496
prs_for_standard_estimated_bone_mineral_density_tscore_ebmdt_f26234_0_0,standard_estimated_bone_mineral_density_tscore_ebmdt,Trait,NA,prs_for_standard_estimated_bone_mineral_density_tscore_ebmdt_f26234_0_0,2,standard_estimated_bone_mineral_density_tscore_ebmdt,0.967401240330527,6,0,0,0.0679684306364965,0.00712384747435236,0.297623223217825,0.0228512899162861
prs_for_enhanced_estimated_glomerular_filtration_rate_creatinine_based_egcr_f26236_0_0,enhanced_estimated_glomerular_filtration_rate_creatinine_based_egcr,Trait,NA,prs_for_enhanced_estimated_glomerular_filtration_rate_creatinine_based_egcr_f26236_0_0,2,enhanced_estimated_glomerular_filtration_rate_creatinine_based_egcr,0.674034126259685,0,0,0,NaN,0.0599357654388772,0.511052101256494,NA
prs_for_enhanced_estimated_glomerular_filtration_rate_cystatin_based_egcy_f26237_0_0,enhanced_estimated_glomerular_filtration_rate_cystatin_based_egcy,Trait,NA,prs_for_enhanced_estimated_glomerular_filtration_rate_cystatin_based_egcy_f26237_0_0,2,enhanced_estimated_glomerular_filtration_rate_cystatin_based_egcy,0.624234213741024,4650,10581,0,0.17485482075127,0.119258299251245,1.43760227884594,0.0187238300512866
prs_for_standard_glycated_haemoglobin_hba1c_df_f26238_0_0,standard_glycated_haemoglobin_hba1c_df,Trait,NA,prs_for_standard_glycated_haemoglobin_hba1c_df_f26238_0_0,2,standard_glycated_haemoglobin_hba1c_df,0.987775277282342,4381,4840,0,-0.0738643706163634,-0.0217396983757479,0.415591673238208,0.0111697615288522
prs_for_standard_height_height_f26240_0_0,standard_height_height,Trait,NA,prs_for_standard_height_height_f26240_0_0,2,standard_height_height,0.965644545731845,2377,1779,0,-0.0928437057490867,-0.0407289576278786,0.992467209000929,0.0170496598057722
prs_for_standard_high_density_lipoprotein_cholesterol_hdl_f26242_0_0,standard_high_density_lipoprotein_cholesterol_hdl,Trait,NA,prs_for_standard_high_density_lipoprotein_cholesterol_hdl_f26242_0_0,2,standard_high_density_lipoprotein_cholesterol_hdl,0.980826237107585,12546,19332,0,0.0695834477172633,0.051642140245844,2.04096120316637,0.0117795268409529
prs_for_standard_hypertension_ht_f26244_0_0,standard_hypertension_ht,Trait,NA,prs_for_standard_hypertension_ht_f26244_0_0,3,standard_hypertension_ht,0.975683411960952,2,0,0,0.00544759511986802,0.00499767117565423,0.230494488943703,0.0915978402855591
prs_for_standard_intraocular_pressure_iop_f26246_0_0,standard_intraocular_pressure_iop,Trait,NA,prs_for_standard_intraocular_pressure_iop_f26246_0_0,3,standard_intraocular_pressure_iop,0.992946173255387,4451,5840,0,-0.0415681076853796,-0.0132142776635952,0.881386102677189,0.044217736940888
prs_for_standard_ischaemic_stroke_iss_f26248_0_0,standard_ischaemic_stroke_iss,Trait,NA,prs_for_standard_ischaemic_stroke_iss_f26248_0_0,3,standard_ischaemic_stroke_iss,0.978969551950155,137,0,0,0.0546476246710919,0.012729635247946,0.45072763339211,0.0402768020222099
prs_for_standard_low_density_lipoprotein_cholesterol_ldl_sf_f26250_0_0,standard_low_density_lipoprotein_cholesterol_ldl_sf,Trait,NA,prs_for_standard_low_density_lipoprotein_cholesterol_ldl_sf_f26250_0_0,3,standard_low_density_lipoprotein_cholesterol_ldl_sf,0.951432778028697,193,0,0,-0.0635728891262319,-0.0113976027817061,0.215586509016067,0.0034021304911493
prs_for_standard_melanoma_mel_f26252_0_0,standard_melanoma_mel,Trait,NA,prs_for_standard_melanoma_mel_f26252_0_0,3,standard_melanoma_mel,0.936303626573694,0,0,0,NaN,0.0126187325600642,0.353471690307864,NA
prs_for_standard_multiple_sclerosis_ms_f26254_0_0,standard_multiple_sclerosis_ms,Trait,NA,prs_for_standard_multiple_sclerosis_ms_f26254_0_0,3,standard_multiple_sclerosis_ms,0.956124011513345,1,0,0,-0.0485082729343443,-0.0106235612321958,0.250747350040624,NA
prs_for_enhanced_omega3_fatty_acids_otfa_f26256_0_0,enhanced_omega3_fatty_acids_otfa,Trait,NA,prs_for_enhanced_omega3_fatty_acids_otfa_f26256_0_0,3,enhanced_omega3_fatty_acids_otfa,0.671388549100904,0,0,0,NaN,0.0373595103400468,0.332623197124206,NA
prs_for_enhanced_omega6_fatty_acids_osfa_f26257_0_0,enhanced_omega6_fatty_acids_osfa,Trait,NA,prs_for_enhanced_omega6_fatty_acids_osfa_f26257_0_0,3,enhanced_omega6_fatty_acids_osfa,0.345315683956032,11,0,0,0.207785995808311,0.0718007806924689,0.669209713741983,0.0153553091415379
prs_for_standard_osteoporosis_op_f26258_0_0,standard_osteoporosis_op,Trait,NA,prs_for_standard_osteoporosis_op_f26258_0_0,3,standard_osteoporosis_op,0.951572901788977,129,0,0,0.082606653234826,0.0187173920510111,0.457923347379552,0.00380885781758715
prs_for_standard_parkinsons_disease_pd_f26260_0_0,standard_parkinsons_disease_pd,Trait,NA,prs_for_standard_parkinsons_disease_pd_f26260_0_0,3,standard_parkinsons_disease_pd,0.990644380155287,1135,60,0,0.0290000113224844,0.00183171290436511,0.632255876654525,0.0795510764201733
prs_for_enhanced_phosphatidylcholines_pdcl_f26262_0_0,enhanced_phosphatidylcholines_pdcl,Trait,NA,prs_for_enhanced_phosphatidylcholines_pdcl_f26262_0_0,3,enhanced_phosphatidylcholines_pdcl,0.434653255280179,41,0,0,0.178974871831814,0.0684879708526964,0.596518821439483,0.0122735044704704
prs_for_enhanced_phosphoglycerides_phg_f26263_0_0,enhanced_phosphoglycerides_phg,Trait,NA,prs_for_enhanced_phosphoglycerides_phg_f26263_0_0,3,enhanced_phosphoglycerides_phg,0.459855245216155,43,0,0,0.17828722117819,0.0651996080186126,0.561086904070311,0.0123649251606373
prs_for_enhanced_polyunsaturated_fatty_acids_pfa_f26264_0_0,enhanced_polyunsaturated_fatty_acids_pfa,Trait,NA,prs_for_enhanced_polyunsaturated_fatty_acids_pfa_f26264_0_0,3,enhanced_polyunsaturated_fatty_acids_pfa,0.450406347600232,82,0,0,0.179713485472683,0.0813402379107819,0.785565139039946,0.0195598697154719
prs_for_standard_primary_open_angle_glaucoma_poag_f26265_0_0,standard_primary_open_angle_glaucoma_poag,Trait,NA,prs_for_standard_primary_open_angle_glaucoma_poag_f26265_0_0,3,standard_primary_open_angle_glaucoma_poag,0.986684881945397,7977,11993,0,-0.0605331544313632,-0.0338139972399054,1.28648030318119,0.0333864045200414
prs_for_standard_prostate_cancer_pc_f26267_0_0,standard_prostate_cancer_pc,Trait,NA,prs_for_standard_prostate_cancer_pc_f26267_0_0,3,standard_prostate_cancer_pc,0.959702878013964,1,0,0,0.0463852523060568,0.0112924766379857,0.241221839550033,NA
prs_for_standard_psoriasis_pso_f26269_0_0,standard_psoriasis_pso,Trait,NA,prs_for_standard_psoriasis_pso_f26269_0_0,3,standard_psoriasis_pso,0.960623580384931,0,0,0,NaN,-0.00334874645564284,0.23807023965294,NA
prs_for_enhanced_remnant_cholesterol_nonhdl_nonldl_cholesterol_rmnc_f26271_0_0,enhanced_remnant_cholesterol_nonhdl_nonldl_cholesterol_rmnc,Trait,NA,prs_for_enhanced_remnant_cholesterol_nonhdl_nonldl_cholesterol_rmnc_f26271_0_0,3,enhanced_remnant_cholesterol_nonhdl_nonldl_cholesterol_rmnc,0.404951440885032,0,0,0,NaN,0.0132936032477521,0.182008563458217,NA
prs_for_enhanced_resting_heart_rate_rhr_f26272_0_0,enhanced_resting_heart_rate_rhr,Trait,NA,prs_for_enhanced_resting_heart_rate_rhr_f26272_0_0,3,enhanced_resting_heart_rate_rhr,0.750695397317431,153,0,0,0.233657366111238,0.035140781652675,0.335920568159958,0.0137684680135327
prs_for_standard_rheumatoid_arthritis_ra_f26273_0_0,standard_rheumatoid_arthritis_ra,Trait,NA,prs_for_standard_rheumatoid_arthritis_ra_f26273_0_0,3,standard_rheumatoid_arthritis_ra,0.952750540083354,0,0,0,NaN,0.00402789773492813,0.238309826816782,NA
prs_for_standard_schizophrenia_scz_f26275_0_0,standard_schizophrenia_scz,Trait,NA,prs_for_standard_schizophrenia_scz_f26275_0_0,3,standard_schizophrenia_scz,0.927295163137146,1862,0,0,-0.0548353600940661,-0.0293454153263452,0.763260938664392,0.011404215274041
prs_for_enhanced_sphingomyelins_sgm_f26277_0_0,enhanced_sphingomyelins_sgm,Trait,NA,prs_for_enhanced_sphingomyelins_sgm_f26277_0_0,3,enhanced_sphingomyelins_sgm,0.60111737722075,464,0,0,0.183044875260505,0.0781605238295885,0.777469798946533,0.0146384095195395
prs_for_standard_systemic_lupus_erythematosus_sle_f26278_0_0,standard_systemic_lupus_erythematosus_sle,Trait,NA,prs_for_standard_systemic_lupus_erythematosus_sle_f26278_0_0,4,standard_systemic_lupus_erythematosus_sle,0.963197041764876,27,0,0,0.0706157854785258,0.0110546436732591,0.404514243868562,0.00975079401715366
prs_for_enhanced_total_cholesterol_tch_f26280_0_0,enhanced_total_cholesterol_tch,Trait,NA,prs_for_enhanced_total_cholesterol_tch_f26280_0_0,4,enhanced_total_cholesterol_tch,0.586015456667546,0,0,0,NaN,0.0451027362191229,0.39640355948815,NA
prs_for_enhanced_total_fatty_acids_tfa_f26281_0_0,enhanced_total_fatty_acids_tfa,Trait,NA,prs_for_enhanced_total_fatty_acids_tfa_f26281_0_0,4,enhanced_total_fatty_acids_tfa,0.560833571951829,0,0,0,NaN,0.0174115487433389,0.211588526221612,NA
prs_for_enhanced_total_triglycerides_ttg_f26282_0_0,enhanced_total_triglycerides_ttg,Trait,NA,prs_for_enhanced_total_triglycerides_ttg_f26282_0_0,4,enhanced_total_triglycerides_ttg,0.743777812170614,238,0,0,-0.169784819074755,-0.057811617177976,0.38913206199315,0.0141735176697625
prs_for_standard_type_1_diabetes_t1d_f26283_0_0,standard_type_1_diabetes_t1d,Trait,NA,prs_for_standard_type_1_diabetes_t1d_f26283_0_0,4,standard_type_1_diabetes_t1d,0.975178909632285,48,0,0,0.0371922262384382,-0.00927673432492434,0.575304892703575,0.0300785658138225
prs_for_standard_type_2_diabetes_t2d_f26285_0_0,standard_type_2_diabetes_t2d,Trait,NA,prs_for_standard_type_2_diabetes_t2d_f26285_0_0,4,standard_type_2_diabetes_t2d,0.991588210145517,13709,20425,979,-0.0788090712141805,-0.0590238008097727,2.15324718694369,0.0273802241447258
prs_for_standard_ulcerative_colitis_uc_f26287_0_0,standard_ulcerative_colitis_uc,Trait,NA,prs_for_standard_ulcerative_colitis_uc_f26287_0_0,4,standard_ulcerative_colitis_uc,0.952054141325382,1,0,0,-0.0707613672981771,0.00982721929172164,0.32426778785266,NA
prs_for_standard_venous_thromboembolic_disease_vte_f26289_0_0,standard_venous_thromboembolic_disease_vte,Trait,NA,prs_for_standard_venous_thromboembolic_disease_vte_f26289_0_0,4,standard_venous_thromboembolic_disease_vte,0.971940957738278,206,0,0,-0.0606166960749468,-0.00417227804288238,0.382570093557894,0.00273611752604962
