locusID,CHR,POS,ID,A1,BETA,SE,P,pixel,nPixelsLocus,BonferroniSig
1,1,3743319,rs6663840,A,-0.552753,0.041363,1.19217e-40,64_126,7283,Y
2,1,82395964,rs1492258,G,0.525058,0.042088,1.17486e-35,103_225,4013,Y
3,1,202812654,rs11576909,C,0.285668,0.0230985,4.50316e-35,16_59,28874,Y
4,1,113441724,rs543874203,A,-0.348844,0.0345915,6.86594e-24,66_60,18893,Y
5,1,214110713,rs80256218,T,-0.468145,0.0474524,6.20898e-23,12_95,25511,Y
6,1,227490611,rs201965985,CT,0.523435,0.056821,3.34123e-20,64_126,19670,Y
7,1,196696933,rs1410996,A,0.270146,0.0303163,5.25517e-19,45_125,27843,Y
8,1,198898427,rs10919605,T,0.341114,0.0386332,1.08981e-18,118_186,19354,Y
9,1,227560794,rs114537871,A,-0.642259,0.0733849,2.17215e-18,61_251,25680,Y
10,1,110626267,1:110626267_CAG_C,C,-0.336662,0.0385796,2.72094e-18,70_245,6053,Y
11,1,41792274,rs12026778,T,-0.426235,0.0495523,8.11363e-18,68_124,2572,Y
12,1,183384796,rs2788045,G,-0.335299,0.0410796,3.37897e-16,33_241,9918,Y
13,1,22249589,rs9426785,G,0.234404,0.0296622,2.79982e-15,59_82,15012,Y
14,1,153948705,rs11264763,T,-0.302197,0.0391558,1.20879e-14,53_121,4084,Y
15,1,182997286,1:182997286_CCT_C,C,0.308798,0.0401821,1.56278e-14,64_117,872,Y
16,1,182579035,rs516567,T,-0.264915,0.0356236,1.05315e-13,3_203,8686,Y
17,1,170657335,rs17550940,C,-0.227441,0.0309146,1.91321e-13,70_49,14766,Y
18,1,205303096,1:205303096_CTTTT_C,C,0.254757,0.0346747,2.06214e-13,54_232,11302,Y
19,1,39575717,rs141312163,CA,0.475637,0.0650907,2.77274e-13,64_147,2574,Y
20,1,229055951,rs6685751,C,-0.292264,0.0405715,5.95707e-13,111_210,3935,Y
21,1,62867483,rs945170,T,0.307951,0.0430576,8.68367e-13,118_186,2159,Y
22,1,87643452,rs912764,T,0.23224,0.0325001,9.08655e-13,49_233,16716,Y
23,1,43195191,1:43195191_TTAA_T,T,1.69098,0.237646,1.13216e-12,57_130,4851,Y
24,1,19973920,rs2854108,G,0.226724,0.0319376,1.27654e-12,117_91,7630,Y
25,1,81835495,rs72713441,T,0.801569,0.114788,2.93059e-12,118_196,2658,N
26,1,15981432,rs573644426,CTT,0.269223,0.0395388,9.95125e-12,104_194,21677,N
27,1,9308014,rs9434732,T,-0.222519,0.0327058,1.03336e-11,72_231,8900,N
28,1,2018652,rs2459989,A,-0.268932,0.0397535,1.35013e-11,114_190,2847,N
29,1,103330777,rs2616003,G,-0.279412,0.0417192,2.14716e-11,61_123,569,N
30,1,224179624,rs4654038,C,-0.264454,0.0407912,9.08168e-11,62_119,967,N
31,1,112993389,1:112993389_C_CT,CT,-0.26882,0.0419696,1.5182e-10,64_117,18844,N
32,1,68051230,rs787541,C,0.157648,0.024618,1.53146e-10,8_69,9087,N
33,1,200043726,rs2821307,G,-0.255426,0.0402663,2.26935e-10,67_133,8533,N
34,1,94605494,rs2483793,A,0.244184,0.038704,2.8355e-10,2_213,9165,N
35,1,236691044,rs2758991,T,0.293087,0.0469734,4.43242e-10,115_232,5083,N
36,1,204936835,rs12744678,T,-0.28125,0.0452937,5.36462e-10,10_234,13637,N
37,1,231254003,rs10864669,G,-0.26515,0.0430185,7.17274e-10,37_250,1282,N
38,1,204306109,rs17334002,C,-0.238557,0.0394376,1.46961e-09,70_241,7364,N
39,1,46609113,rs142026799,G,0.269707,0.0446784,1.58654e-09,58_250,11737,N
40,1,23358999,rs5773031,T,0.165564,0.0276461,2.13223e-09,41_71,6894,N
41,1,38089396,rs12739550,G,0.206089,0.0344568,2.23392e-09,68_166,2141,N
42,1,197010475,rs10484502,A,-0.191741,0.0321288,2.42209e-09,46_230,27484,N
43,1,40417621,rs3131705,C,-0.162144,0.0273676,3.15299e-09,60_30,7522,N
44,1,40384298,rs112215807,T,0.247674,0.0419933,3.70803e-09,4_116,7520,N
45,1,88210715,1:88210715_AT_A,AT,0.219765,0.0373106,3.88726e-09,67_245,2460,N
46,1,210547357,rs61829760,G,0.235642,0.0400564,4.06493e-09,1_75,6467,N
47,1,16442472,rs12130825,T,0.334048,0.0568683,4.28368e-09,91_246,16897,N
48,1,212665360,rs7537826,A,0.244277,0.0418567,5.38384e-09,68_130,4261,N
49,1,153671353,rs541335660,T,-0.208716,0.0358581,5.90523e-09,4_205,3094,N
50,1,237244579,rs5781932,A,-0.205597,0.0354774,6.87324e-09,105_114,4142,N
51,1,240060057,rs6429165,A,0.23298,0.0402623,7.23475e-09,78_227,6338,N
52,1,159223834,rs2511208,T,-0.156337,0.0270263,7.31819e-09,4_136,9930,N
53,1,202560529,rs71635587,T,-0.422425,0.073106,7.59964e-09,59_120,27101,N
54,1,184588710,rs16823344,C,-0.612351,0.106705,9.60386e-09,111_215,1787,N
55,1,46346638,rs535547394,CAA,0.258428,0.0450423,9.67536e-09,105_179,11887,N
56,1,95154279,rs12025248,A,-0.259295,0.0453549,1.09127e-08,72_166,1932,N
57,1,89148199,1:89148199_CT_C,CT,0.195337,0.0343505,1.30455e-08,54_145,2106,N
58,1,66736001,rs12021574,C,-0.979518,0.172412,1.34555e-08,70_148,1418,N
59,1,26484721,rs3806383,T,0.250521,0.0441364,1.38721e-08,45_251,1172,N
60,1,48436148,rs12080929,C,-0.188088,0.033154,1.4108e-08,26_199,11286,N
61,1,97292470,rs115582359,C,0.359727,0.0635678,1.53265e-08,41_245,1718,N
62,1,53717656,rs12408900,A,0.13358,0.02366,1.65408e-08,108_43,3495,N
63,1,200336367,rs377324565,GA,-0.18378,0.0325701,1.68561e-08,36_149,10854,N
64,1,44398245,rs112018955,T,-0.507491,0.0900241,1.73835e-08,65_112,1313,N
65,1,47676525,rs10890471,C,0.229402,0.0407164,1.77015e-08,71_123,2905,N
66,1,102404283,rs7535852,A,-0.169526,0.0301915,1.97747e-08,113_148,2611,N
67,1,26678875,rs11247928,A,-0.217507,0.0388288,2.13576e-08,105_151,4282,N
68,1,186126099,rs7545010,G,-0.158582,0.0284458,2.49187e-08,76_86,4501,N
69,1,67513401,rs2208576,G,0.131183,0.0235552,2.57459e-08,109_18,1129,N
70,1,200392329,rs114127836,A,-0.380383,0.0683312,2.61085e-08,68_86,3638,N
71,1,224582207,1:224582207_CT_C,C,0.287732,0.051688,2.61121e-08,12_242,6070,N
72,1,105116277,rs17557331,C,-0.238726,0.0430373,2.92395e-08,33_243,3242,N
73,1,3053957,rs12741594,T,-0.482016,0.0869008,2.92762e-08,36_249,950,N
74,1,23283918,rs7554271,G,-0.21166,0.0383746,3.49521e-08,74_136,2672,N
75,1,211577927,rs11581934,T,0.152873,0.0277225,3.51979e-08,105_8,588,N
76,1,15662606,rs7549599,T,0.236853,0.0430403,3.75405e-08,14_233,14976,N
77,1,12056815,rs7535555,T,-0.176027,0.0321028,4.1999e-08,74_25,3240,N
78,1,10658202,rs11121598,A,-0.212018,0.0386907,4.28143e-08,106_43,4673,N
79,1,15993603,rs10927823,A,-0.198178,0.0361673,4.28959e-08,61_243,20382,N
80,1,10216246,1:10216246_GA_G,G,-0.313024,0.0571477,4.33889e-08,6_64,5222,N
81,1,216681556,rs11572828,G,0.174521,0.0319422,4.69032e-08,1_168,8226,N
82,1,243650232,rs113252266,GCTA,0.173289,0.0317284,4.74412e-08,21_99,6966,N
83,1,19304375,rs4912154,T,-0.205342,0.03761,4.79422e-08,55_249,1231,N
84,1,150512253,rs34848955,C,-0.371997,0.0681755,4.88412e-08,2_247,1289,N
85,2,218514964,rs34183224,A,-0.63045,0.0434527,1.37938e-47,3_16,24420,Y
86,2,55624520,rs2867177,T,0.521927,0.0445065,1.03625e-31,71_132,19411,Y
87,2,168998456,2:168998456_TTATTTA_T,T,-0.35583,0.0330232,4.88365e-27,81_15,28455,Y
88,2,134326085,rs17816356,A,1.04409,0.0976556,1.20389e-26,58_124,5732,Y
89,2,228103961,2:228103961_TA_T,TA,-0.241949,0.0226366,1.24606e-26,14_44,29030,Y
90,2,145431068,rs1529386,C,0.488757,0.0460763,2.96187e-26,88_246,9554,Y
91,2,227893561,rs2177599,T,0.435821,0.0421432,4.89646e-25,56_125,28809,Y
92,2,172922663,2:172922663_CT_C,CT,0.405689,0.0406298,1.88038e-23,8_226,9534,Y
93,2,88676478,rs11681837,A,-0.526217,0.0564108,1.12539e-20,1_214,2578,Y
94,2,56239897,rs13399945,G,0.263101,0.0292049,2.16666e-19,54_19,25256,Y
95,2,48293603,rs1878080,C,-0.430313,0.047774,2.19709e-19,59_122,20704,Y
96,2,170077170,rs747394667,C,-0.356904,0.0398077,3.20399e-19,55_149,27744,Y
97,2,23983636,rs776462813,A,0.228398,0.0267281,1.32398e-17,9_116,27648,Y
98,2,145702729,rs1968528,T,-0.275444,0.0324005,1.93532e-17,63_101,6170,Y
99,2,48802898,rs188314488,T,0.321359,0.0392619,2.79694e-16,4_213,26615,Y
100,2,159660277,rs6756488,A,0.338721,0.0420834,8.57275e-16,61_125,4042,Y
101,2,208822924,rs6435399,T,0.34207,0.0427505,1.25932e-15,73_250,8040,Y
102,2,44131840,rs6544719,C,0.305576,0.040742,6.4913e-14,114_237,6780,Y
103,2,97779487,2:97779487_GC_G,G,-0.469145,0.0627475,7.76578e-14,71_147,4762,Y
104,2,71124627,rs12623906,C,0.225589,0.0306229,1.78084e-13,86_87,13798,Y
105,2,218399942,2:218399942_TA_T,TA,0.235103,0.0327988,7.73045e-13,67_29,27075,Y
106,2,25595397,rs1010659,C,-0.223075,0.0312552,9.67396e-13,109_118,26890,Y
107,2,170155249,rs2544373,A,0.277565,0.0392044,1.46433e-12,62_111,24443,Y
108,2,160073895,rs4665042,G,0.21898,0.0311129,1.97616e-12,82_127,6060,N
109,2,203726994,rs538755961,A,0.319927,0.0458522,3.05123e-12,58_148,6782,N
110,2,159743632,rs11674955,A,0.333066,0.0489534,1.03268e-11,17_239,6789,N
111,2,59239368,rs11687358,A,-0.282877,0.0416119,1.07467e-11,92_239,4008,N
112,2,143919827,rs114352177,A,-0.422122,0.0629448,2.02181e-11,19_17,4355,N
113,2,219854317,rs146199923,T,0.663075,0.0995938,2.81302e-11,104_151,18320,N
114,2,217563,rs55742348,A,-0.298622,0.0451301,3.71051e-11,118_243,10811,N
115,2,112137625,rs377560922,C,-0.176306,0.0266749,3.90293e-11,4_38,9882,N
116,2,5812970,rs10164933,T,0.2734,0.0414421,4.23978e-11,62_153,7478,N
117,2,173255930,rs1997435,T,0.353019,0.0538397,5.5572e-11,69_129,1500,N
118,2,55613571,rs142893959,T,0.312833,0.0478127,6.10198e-11,25_215,26587,N
119,2,43147770,rs750489,T,-0.225462,0.034504,6.45824e-11,72_144,6737,N
120,2,42510018,rs6736913,A,0.876248,0.134528,7.42275e-11,61_129,451,N
121,2,27342067,rs7560633,C,0.209561,0.0324375,1.05509e-10,49_219,23613,N
122,2,38326907,rs232557,G,-0.19623,0.0311197,2.89775e-10,62_217,2175,N
123,2,25718052,rs679112,G,-0.332204,0.0527433,3.0342e-10,26_250,18458,N
124,2,75720568,rs746013776,C,0.606403,0.0964295,3.23493e-10,72_250,2700,N
125,2,45166394,rs163534,C,0.751725,0.120083,3.8847e-10,29_250,16026,N
126,2,37903112,rs59984376,C,0.322254,0.0515983,4.26559e-10,55_35,4564,N
127,2,182529711,2:182529711_TA_T,T,0.198636,0.0319346,5.01436e-10,17_35,9926,N
128,2,37068428,rs711244,T,0.212096,0.0343762,6.89696e-10,62_106,1968,N
129,2,134518604,rs2321302,T,-0.230879,0.0374316,6.97582e-10,106_200,6589,N
130,2,5966040,rs1835152,T,0.198499,0.0322876,7.92381e-10,56_89,9513,N
131,2,228120431,rs6728122,G,0.15604,0.0255061,9.57137e-10,99_12,26992,N
132,2,233390937,rs2245601,G,-0.150419,0.0247855,1.2992e-09,64_14,6048,N
133,2,217926328,rs13409592,C,0.186408,0.0308984,1.62323e-09,96_23,18470,N
134,2,36821131,rs11678226,C,0.260834,0.0433617,1.80984e-09,118_192,2740,N
135,2,67487517,rs535754796,T,-0.145914,0.0246255,3.14048e-09,28_29,2808,N
136,2,208500655,rs61233855,AT,-0.129062,0.0218497,3.51442e-09,8_36,11144,N
137,2,227662753,rs2234931,T,0.363771,0.0617668,3.90395e-09,109_173,28809,N
138,2,134431443,rs1901435,G,0.245194,0.0417751,4.40625e-09,68_120,7254,N
139,2,159059041,rs11675532,C,0.142324,0.0243141,4.84651e-09,118_52,4751,N
140,2,241441206,rs6760138,A,0.215522,0.0368533,5.0082e-09,100_210,4454,N
141,2,37888961,rs6544098,T,0.144407,0.0247897,5.74162e-09,66_13,4636,N
142,2,217866841,rs2888450,T,-0.203122,0.0349625,6.3025e-09,66_157,13592,N
143,2,27433296,rs142154351,AC,0.288473,0.0496566,6.31541e-09,103_39,22356,N
144,2,71671116,rs11126331,C,0.179548,0.0310825,7.67915e-09,54_75,6594,N
145,2,227317622,2:227317622_AAT_A,AAT,-0.179142,0.0310363,7.88727e-09,46_218,25079,N
146,2,183703336,rs288326,A,0.258749,0.0449066,8.37163e-09,79_154,14340,N
147,2,242613089,rs7943,A,-0.172029,0.0299202,9.00565e-09,28_179,13613,N
148,2,213056686,rs116074352,C,0.170829,0.0297581,9.49722e-09,22_11,10119,N
149,2,119397025,rs78147025,T,0.326063,0.056858,9.83489e-09,12_9,243,N
150,2,242542809,rs71351111,A,0.239155,0.0419259,1.17641e-08,61_129,1198,N
151,2,239517095,rs78440618,T,0.215964,0.0379111,1.2302e-08,6_76,6116,N
152,2,133875794,rs3795849,A,-0.425933,0.0749555,1.33616e-08,66_144,3980,N
153,2,43105219,rs12615717,G,0.223315,0.0393539,1.39969e-08,86_98,5754,N
154,2,45268710,rs114469400,A,-0.70765,0.124781,1.42781e-08,59_163,3332,N
155,2,179467782,rs185939054,G,-1.21381,0.214106,1.44369e-08,99_187,7994,N
156,2,74599368,rs34215278,T,-0.614365,0.10842,1.46643e-08,63_131,1515,N
157,2,16370830,rs58155566,G,-0.299025,0.05294,1.62989e-08,63_126,1373,N
158,2,71163111,rs17853498,C,0.288798,0.0512364,1.74548e-08,117_127,9411,N
159,2,27384710,rs1659684,T,0.199172,0.0355569,2.1379e-08,60_161,9248,N
160,2,149208950,rs13010376,T,0.479364,0.0859082,2.42017e-08,15_45,3487,N
161,2,241308505,rs1574192,A,0.141239,0.0253219,2.45136e-08,93_9,3706,N
162,2,167639326,2:167639326_CTG_C,C,3.76927,0.677284,2.63297e-08,117_167,1180,N
163,2,183698599,rs16823797,C,-0.413632,0.0743358,2.64649e-08,45_251,309,N
164,2,172203488,rs115892798,T,0.671728,0.1213,3.08189e-08,108_11,1872,N
165,2,171678625,rs769404,C,-0.160731,0.0290515,3.17307e-08,20_148,2768,N
166,2,208373295,rs2709365,A,0.1676,0.030314,3.24316e-08,73_13,1099,N
167,2,166823335,rs10930192,A,0.192101,0.0347893,3.37384e-08,37_226,2295,N
168,2,20620818,rs72790789,T,0.187055,0.033936,3.56825e-08,107_47,3852,N
169,2,36345656,rs138896070,T,0.285732,0.0519389,3.79124e-08,94_7,1348,N
170,2,29198358,rs60206408,A,-0.333324,0.0606023,3.81532e-08,87_125,3713,N
171,2,54220898,rs6545379,G,0.127696,0.0232218,3.84154e-08,15_13,19188,N
172,2,16227874,rs28406284,A,0.230612,0.0419773,3.95762e-08,65_121,679,N
173,2,142516507,rs9287324,A,0.215478,0.0392232,3.95934e-08,61_251,817,N
174,2,214015305,rs2197025,G,0.177381,0.0324274,4.52301e-08,68_234,9685,N
175,3,123082398,rs11717195,C,0.985466,0.043853,3.41411e-111,66_146,4106,Y
176,3,45814094,rs17279437,A,-0.731455,0.0478772,1.47971e-52,45_153,28987,Y
177,3,71182447,rs77877421,T,1.1654,0.0838702,8.41794e-44,118_187,6632,Y
178,3,69569148,rs377713857,C,-0.538689,0.0452521,1.2668e-32,116_186,8585,Y
179,3,77224544,rs60137936,C,-0.735442,0.0755984,2.40886e-22,1_203,5089,Y
180,3,150174204,rs6770312,A,0.431912,0.0462859,1.09308e-20,65_118,14042,Y
181,3,64547477,rs35667547,C,0.478515,0.0545045,1.70303e-18,43_242,21190,Y
182,3,27681004,rs6807660,A,0.404451,0.0480248,3.82351e-17,65_154,20203,Y
183,3,169225992,rs10638777,CAGG,0.357414,0.0429008,8.23711e-17,75_251,4107,Y
184,3,182335635,rs74614808,T,0.854145,0.10929,5.60253e-15,69_129,796,Y
185,3,25049310,rs11129176,A,0.191357,0.0249542,1.77907e-14,38_18,15418,Y
186,3,183945237,rs843348,C,0.280066,0.0392804,1.02011e-12,75_236,5362,Y
187,3,22021730,rs6784031,C,0.263867,0.0370377,1.06273e-12,59_95,8280,Y
188,3,183380035,rs830179,A,0.226292,0.0321169,1.87064e-12,52_158,12459,N
189,3,29472269,rs6147748,CTATGCAATGGGAAAAACTGCTT,-0.214942,0.0306572,2.39856e-12,85_93,18055,N
190,3,147463055,rs9861579,A,0.294357,0.0432921,1.06483e-11,73_249,5624,N
191,3,193937606,rs6800138,A,-0.259369,0.0398729,7.85991e-11,61_123,1046,N
192,3,171035586,rs17474280,T,0.345613,0.0536667,1.20739e-10,68_134,740,N
193,3,21765970,rs13096063,C,-0.198281,0.0310022,1.61447e-10,112_16,11785,N
194,3,50176739,rs2624846,A,0.234911,0.0369277,2.01957e-10,76_119,28011,N
195,3,139257603,rs2071387,G,-0.320745,0.0510644,3.39215e-10,62_137,590,N
196,3,73062797,rs796979985,CT,0.14437,0.0230737,3.96377e-10,33_8,10072,N
197,3,32809812,rs62251890,G,0.193216,0.0309716,4.45889e-10,31_15,16617,N
198,3,196083992,rs6805994,C,-0.168566,0.0272338,6.0858e-10,118_96,10404,N
199,3,12472019,rs62243565,T,0.231657,0.0381195,1.23388e-09,59_59,3229,N
200,3,126020459,rs10934766,C,-0.209141,0.0344158,1.23571e-09,76_123,2010,N
201,3,32838853,rs146272224,T,0.711794,0.118522,1.92187e-09,26_224,16628,N
202,3,114483413,rs3732481,G,-0.338947,0.056495,1.99381e-09,69_170,4089,N
203,3,156852943,rs4561781,G,0.248653,0.0415997,2.28693e-09,63_125,2656,N
204,3,153949702,rs181547,T,0.205324,0.0344143,2.44661e-09,49_28,17245,N
205,3,25398175,rs12631631,A,-0.222517,0.0374866,2.94462e-09,63_245,3470,N
206,3,70652773,rs145314078,A,0.972101,0.164552,3.49789e-09,115_192,5874,N
207,3,156830569,rs6805781,C,0.179087,0.0304225,3.96984e-09,59_99,7513,N
208,3,13879927,rs73019605,A,-0.839589,0.142941,4.29313e-09,79_229,5905,N
209,3,150153200,rs16862644,G,0.235706,0.0401573,4.40163e-09,22_76,13108,N
210,3,193821924,rs4632491,T,-0.165096,0.0282692,5.25362e-09,46_6,565,N
211,3,48738969,rs184723404,T,1.27542,0.219324,6.09791e-09,99_150,19095,N
212,3,46249139,rs796891867,AT,-0.188133,0.0324037,6.4473e-09,69_180,28929,N
213,3,11680244,rs2616544,C,0.339547,0.0586468,7.10025e-09,65_98,2284,N
214,3,15321971,rs76671517,T,0.535091,0.0928523,8.32847e-09,102_240,1138,N
215,3,155736474,rs115949137,C,-0.525218,0.091256,8.70066e-09,18_48,8541,N
216,3,126754644,rs9856665,C,-0.150959,0.0263627,1.03365e-08,117_54,2697,N
217,3,180071124,rs55808744,G,0.314379,0.0558562,1.83063e-08,91_139,5887,N
218,3,58736041,rs35289528,C,0.197133,0.0350325,1.8435e-08,116_78,2551,N
219,3,71731077,rs697253,T,0.243126,0.0432104,1.84976e-08,51_216,3329,N
220,3,55898186,rs554679759,T,0.335786,0.0597288,1.90092e-08,77_87,8331,N
221,3,32855626,rs939055,A,0.179131,0.0319176,2.00879e-08,79_44,16671,N
222,3,77280776,3:77280776_AT_A,A,0.191178,0.0340922,2.06321e-08,1_192,5070,N
223,3,99773334,rs750080855,T,-0.149503,0.0266728,2.09431e-08,86_30,6096,N
224,3,49369418,rs569313260,T,1.0141,0.181952,2.51297e-08,59_250,22668,N
225,3,14272760,rs73028848,G,-0.226381,0.0406991,2.67799e-08,64_122,613,N
226,3,196855964,rs73210512,C,-0.580969,0.104724,2.91304e-08,105_136,1164,N
227,3,150245786,rs6440682,C,-0.237406,0.0428308,2.99297e-08,56_98,3789,N
228,3,147145753,rs149900090,C,-0.620558,0.112248,3.24906e-08,97_153,5835,N
229,3,106390162,3:106390162_TA_T,TA,-0.192674,0.0349748,3.63064e-08,60_177,4477,N
230,3,77261889,rs11706029,C,0.236392,0.0429685,3.78674e-08,109_206,4653,N
231,3,64415110,rs7611296,A,0.243468,0.044446,4.3298e-08,85_249,1224,N
232,3,173943442,rs9872298,A,0.387232,0.0707175,4.38064e-08,12_13,41,N
233,3,48958706,rs13092715,T,-0.164036,0.0299759,4.46791e-08,15_154,27124,N
234,3,56619150,3:56619150_AGAGGGAGAGG_A,AGAGGGAGAGG,0.119795,0.0219147,4.61721e-08,12_24,2722,N
235,3,141717736,rs9877536,G,0.143159,0.0262346,4.87199e-08,2_89,3195,N
236,3,181597411,rs1096895,T,-0.190614,0.0349362,4.8949e-08,105_195,1777,N
237,3,187429202,rs56925909,G,0.193893,0.0355385,4.90029e-08,30_207,5749,N
238,4,187683202,rs67138036,T,0.622679,0.0481284,3.2428e-38,57_134,25954,Y
239,4,109940521,rs78074191,G,-0.518849,0.0605578,1.08906e-17,64_138,1630,Y
240,4,154759949,rs13118227,G,-0.243335,0.0293936,1.28257e-16,83_74,25940,Y
241,4,187562046,rs6820953,A,0.499708,0.0623453,1.12739e-15,70_136,23333,Y
242,4,187641571,rs6839642,A,-0.392793,0.0494534,2.02628e-15,58_136,23684,Y
243,4,184942348,rs2309957,T,-0.179544,0.0236367,3.11595e-14,14_63,24248,Y
244,4,81553447,4:81553447_GTTA_G,GTTA,0.263891,0.0364923,4.8595e-13,41_149,23719,Y
245,4,41471682,rs71198659,GATTTATTTATTT,-0.373352,0.0532555,2.40807e-12,57_119,25456,N
246,4,88462729,rs7681694,A,-0.177856,0.0262742,1.31126e-11,114_10,11146,N
247,4,55093955,rs6554162,A,0.232743,0.034944,2.76271e-11,33_137,20134,N
248,4,57747255,rs13150434,A,-0.290318,0.0441387,4.84195e-11,14_247,21368,N
249,4,159851039,rs10031800,C,0.16456,0.0252728,7.53029e-11,24_75,13551,N
250,4,57792128,rs1277305,G,0.251858,0.0387262,7.93083e-11,60_147,22373,N
251,4,73496691,rs4694504,G,-0.152321,0.0235812,1.06227e-10,47_22,8673,N
252,4,184839482,rs2309941,A,-0.213379,0.0333932,1.67688e-10,16_121,23448,N
253,4,148852464,rs572900862,GA,0.488866,0.0770599,2.2614e-10,53_158,10250,N
254,4,170040583,rs17709556,C,-0.251987,0.040553,5.22069e-10,69_94,3403,N
255,4,40619336,rs11731884,A,0.180133,0.0290364,5.56497e-10,14_135,11503,N
256,4,72540914,rs73827363,C,-0.434037,0.0702273,6.44899e-10,4_244,8938,N
257,4,53610272,rs61731317,T,0.322368,0.0525707,8.74836e-10,46_233,7386,N
258,4,154387597,rs71620317,C,0.222505,0.0363311,9.18401e-10,101_210,2686,N
259,4,122276876,rs11935897,G,-0.258591,0.0423552,1.03483e-09,104_226,2448,N
260,4,96297335,rs28615872,G,-0.288562,0.0473623,1.11997e-09,3_181,2260,N
261,4,187660369,rs12506545,G,0.253082,0.0416137,1.19922e-09,83_209,25141,N
262,4,104560402,rs186379136,A,1.15262,0.191244,1.68425e-09,13_121,3205,N
263,4,101174480,rs535151029,AT,0.158418,0.0263234,1.77834e-09,26_51,5877,N
264,4,186578529,rs2306703,A,-0.2261,0.0376144,1.85876e-09,39_82,5382,N
265,4,129159656,rs11098952,T,0.244296,0.0407814,2.11004e-09,66_114,1880,N
266,4,119246396,rs13102483,A,-0.273581,0.0463519,3.61225e-09,18_76,7895,N
267,4,114050591,rs17045646,T,-0.267761,0.045645,4.49259e-09,47_139,4762,N
268,4,188322377,rs12501227,G,-0.240553,0.041167,5.1529e-09,61_121,506,N
269,4,32800700,rs35876438,A,0.160742,0.0276707,6.3245e-09,91_10,7819,N
270,4,82422327,rs2166181,G,-0.139862,0.0241269,6.8013e-09,7_83,4097,N
271,4,18241125,rs371703600,G,0.158503,0.0274039,7.3458e-09,19_75,3064,N
272,4,179358810,rs184728192,T,0.922875,0.159922,7.94495e-09,49_185,10096,N
273,4,20579236,rs61790683,C,0.216136,0.0374819,8.15288e-09,118_177,1692,N
274,4,173898327,4:173898327_AT_A,A,-1.42691,0.248677,9.64459e-09,60_139,1289,N
275,4,148678593,rs142776301,T,0.578302,0.100951,1.0197e-08,63_124,5381,N
276,4,186545728,4:186545728_TA_T,T,0.203539,0.0355846,1.07306e-08,60_160,3225,N
277,4,39500244,rs13135475,T,-0.16835,0.0296718,1.40613e-08,42_112,4247,N
278,4,95568956,rs7655928,C,-0.293958,0.0520085,1.59491e-08,37_251,158,N
279,4,95051699,rs369869883,CT,-0.217228,0.0384666,1.64115e-08,96_216,2474,N
280,4,7775696,rs9996019,A,-0.201439,0.0358303,1.89887e-08,18_200,4298,N
281,4,76520387,4:76520387_CT_C,C,-0.171724,0.0305978,2.00882e-08,15_170,12786,N
282,4,40627943,rs1871836,T,-0.137164,0.0245074,2.19638e-08,15_58,12016,N
283,4,60597114,4:60597114_AC_A,A,0.242868,0.0436062,2.56886e-08,31_185,5263,N
284,4,164447003,rs1054683,T,0.160678,0.0288555,2.58633e-08,76_56,860,N
285,4,82415087,4:82415087_TGTTC_T,T,0.358673,0.064425,2.60263e-08,49_251,24178,N
286,4,184737035,rs13136503,A,-0.222945,0.0401214,2.76433e-08,52_239,6032,N
287,4,76792651,rs116785739,A,0.577798,0.104018,2.79586e-08,105_75,9688,N
288,4,127752570,rs62322230,C,0.559084,0.100706,2.84666e-08,106_233,1090,N
289,4,182286812,rs10520477,C,0.17033,0.0307058,2.9204e-08,118_27,958,N
290,4,183077913,rs9997224,T,-0.160599,0.0289694,2.978e-08,106_46,2016,N
291,4,95723861,rs6532509,G,0.158017,0.0285484,3.12941e-08,20_161,6507,N
292,4,140236139,rs113838248,T,-0.166184,0.0300294,3.14779e-08,65_13,1923,N
293,4,62724836,rs28421285,T,-0.314501,0.0568316,3.14996e-08,79_249,1709,N
294,4,36921177,rs150634634,C,0.772295,0.139599,3.18015e-08,54_32,5169,N
295,4,17604802,rs7677305,T,-0.123518,0.0223344,3.21426e-08,21_16,883,N
296,4,126270636,rs7697665,A,0.420734,0.0760966,3.24018e-08,39_237,5099,N
297,4,55957316,rs13127286,A,0.219607,0.0398958,3.72271e-08,51_125,1109,N
298,4,145456074,rs148215635,T,-0.229211,0.0416426,3.72853e-08,67_250,2037,N
299,4,121618956,rs34381779,GA,-0.240951,0.0440273,4.45557e-08,116_191,1514,N
300,4,187989129,rs13107967,G,-0.125052,0.0228904,4.70497e-08,3_36,737,N
301,4,73109065,rs28379774,G,-0.149579,0.0274105,4.86944e-08,29_20,8888,N
302,5,87846165,5:87846165_GA_G,G,2.03197,0.0770312,3.94469e-152,68_117,29041,Y
303,5,148615946,rs1109114,T,0.572246,0.0299242,3.52191e-81,60_176,23741,Y
304,5,167800020,rs55914544,C,0.588461,0.0446092,1.17352e-39,72_112,4404,Y
305,5,11584342,rs2190989,C,0.293722,0.0295674,3.13719e-23,56_101,17988,Y
306,5,88026902,rs190438,C,-0.226382,0.0243404,1.45889e-20,13_42,29041,Y
307,5,179552520,rs4248877,C,0.308261,0.0358044,7.57581e-18,3_196,4370,Y
308,5,173045602,rs258873,G,-0.247535,0.0289397,1.23318e-17,49_99,23546,Y
309,5,55745334,rs30373,G,0.281726,0.034762,5.43812e-16,59_240,17673,Y
310,5,2612747,rs2004187,A,-0.304317,0.0384903,2.71341e-15,32_240,11769,Y
311,5,89466182,rs6452875,A,-0.358562,0.0481347,9.57133e-14,62_148,29041,Y
312,5,33576602,rs3813474,G,0.46651,0.0645764,5.1254e-13,31_246,8761,Y
313,5,16856005,rs112837108,AC,-0.285699,0.0406667,2.16646e-12,6_211,4647,N
314,5,64306311,rs1309531,T,-0.139822,0.0217433,1.28432e-10,19_26,11860,N
315,5,9246599,rs1805952,G,-0.219437,0.0360681,1.18229e-09,84_26,11144,N
316,5,126093395,rs62391700,C,-0.293616,0.0482988,1.21836e-09,74_246,10413,N
317,5,72656872,rs55817786,A,0.49042,0.0809224,1.36934e-09,96_225,6780,N
318,5,112974729,rs10057321,G,0.231207,0.0382445,1.5018e-09,4_209,2553,N
319,5,38690423,rs10075011,A,0.242097,0.0400748,1.5429e-09,66_130,809,N
320,5,137842673,rs10633,T,-0.307952,0.0510206,1.59432e-09,68_16,11862,N
321,5,33245770,rs12652045,C,-0.242584,0.0401956,1.60186e-09,61_123,450,N
322,5,157233971,5:157233971_GGA_G,GGA,0.181966,0.0302203,1.74415e-09,73_165,3273,N
323,5,146444312,rs79773641,C,-0.32038,0.0542755,3.59963e-09,1_152,3121,N
324,5,134590035,rs595943,C,0.153506,0.0261326,4.28187e-09,64_30,3710,N
325,5,140660010,rs676545,A,-0.139108,0.0239628,6.47593e-09,2_59,482,N
326,5,1941771,rs36038719,G,0.138423,0.0242344,1.125e-08,10_25,2541,N
327,5,177874099,5:177874099_AT_A,A,0.293128,0.0513292,1.13228e-08,10_208,2136,N
328,5,72581788,rs13172971,G,0.267916,0.0471788,1.36564e-08,118_241,1521,N
329,5,107332259,rs11744774,A,-0.285349,0.0503084,1.42045e-08,88_248,1235,N
330,5,73342958,rs255584,A,0.22692,0.0400896,1.52058e-08,97_224,2910,N
331,5,79262938,rs3926218,A,0.145486,0.025711,1.53651e-08,34_24,2689,N
332,5,105294198,rs185224712,T,0.649286,0.115275,1.78728e-08,4_34,2265,N
333,5,85214187,rs1438745,A,-0.279289,0.0496406,1.85339e-08,30_147,28659,N
334,5,52246736,rs7718758,C,0.165595,0.0294488,1.88662e-08,60_51,7568,N
335,5,178016218,rs262029,G,-0.134307,0.023902,1.93173e-08,49_21,1654,N
336,5,128079626,5:128079626_AAAAAG_A,A,-0.145603,0.025922,1.95542e-08,22_62,4292,N
337,5,14452841,rs27108,C,-0.244889,0.0435991,1.95697e-08,7_214,637,N
338,5,154011108,rs11167696,T,-0.129072,0.0229842,1.96966e-08,7_11,2243,N
339,5,167729272,rs1422424,T,-0.257136,0.0458073,1.99585e-08,59_152,4962,N
340,5,72643813,rs2972205,T,0.239842,0.0429108,2.29352e-08,71_198,4720,N
341,5,167486777,rs7732210,A,-0.20378,0.0365173,2.41437e-08,73_176,14196,N
342,5,178409285,rs10464073,G,-0.24576,0.0442829,2.87717e-08,21_189,6394,N
343,5,98076517,rs2662269,A,0.235678,0.0426844,3.3821e-08,57_135,1064,N
344,5,42627165,rs28943886,T,0.445852,0.0810496,3.79839e-08,93_20,872,N
345,5,127806481,rs10519998,G,-0.463069,0.084183,3.80343e-08,103_159,6373,N
346,5,53798492,rs35201193,A,0.222542,0.040596,4.23183e-08,38_227,2809,N
347,5,103221260,rs113870602,C,0.195864,0.0357787,4.41672e-08,52_76,5591,N
348,5,122094082,rs6861815,A,0.225573,0.0412409,4.53449e-08,64_126,203,N
349,5,31629801,rs779555190,AACAAAC,-0.423868,0.0777273,4.97245e-08,38_251,418,N
350,6,149985476,rs57215159,TGAG,0.55131,0.0306662,5.3413e-72,62_94,25171,Y
351,6,126712247,rs1578060,C,0.350764,0.0284493,7.20346e-35,59_52,10404,Y
352,6,11394287,rs17507554,A,0.795281,0.0757652,9.6146e-26,60_157,21594,Y
353,6,108983527,rs9398171,C,-0.312488,0.0308531,4.40496e-24,54_89,29016,Y
354,6,80787532,rs4706827,C,-0.289101,0.0309471,9.91276e-21,64_96,5464,Y
355,6,15391004,rs2237157,C,-0.362094,0.0392226,2.77906e-20,72_135,2293,Y
356,6,84317533,rs7752421,T,0.203216,0.0233444,3.28165e-18,39_30,22967,Y
357,6,138818837,rs4896370,A,-0.260558,0.0312022,6.99044e-17,72_157,7525,Y
358,6,164605713,rs807897,T,0.25957,0.0311291,7.74401e-17,75_113,27316,Y
359,6,50723142,rs35437406,TA,0.262613,0.0332244,2.75996e-15,71_202,16629,Y
360,6,35477152,rs7752728,C,-0.286661,0.0368842,7.90089e-15,74_155,23502,Y
361,6,7255650,rs9505097,T,-0.324942,0.0426156,2.49115e-14,64_154,7460,Y
362,6,170552900,rs9366187,C,-0.265109,0.0366908,5.07574e-13,87_91,25631,Y
363,6,44008325,rs9381282,A,0.203121,0.0282806,6.96461e-13,4_48,7891,Y
364,6,150932594,rs1565655,C,-0.321305,0.0457549,2.21475e-12,58_126,2294,N
365,6,159261373,rs9457480,C,0.172408,0.02459,2.3957e-12,50_30,8107,N
366,6,28331818,rs35875412,T,0.195909,0.028359,4.97648e-12,43_7,21894,N
367,6,79782198,rs66481367,A,-0.22493,0.0331648,1.19898e-11,70_236,25713,N
368,6,46018079,6:46018079_CAT_C,C,0.312305,0.0471118,3.41924e-11,102_24,12542,N
369,6,98583488,rs72934503,G,0.263833,0.0399048,3.84744e-11,61_127,523,N
370,6,164893920,rs557562310,C,1.94734,0.30394,1.49965e-10,106_221,27760,N
371,6,170487724,6:170487724_ACTGT_A,A,-0.16318,0.0256597,2.0462e-10,47_20,25611,N
372,6,90660319,rs9451298,C,0.213456,0.0339643,3.31558e-10,47_168,12635,N
373,6,50911310,rs531392715,C,-0.255827,0.0419037,1.03605e-09,13_100,18369,N
374,6,43340020,rs566421856,A,1.00264,0.164382,1.07343e-09,21_6,179,N
375,6,128868583,rs34040267,C,0.336926,0.0552974,1.11761e-09,12_32,3694,N
376,6,163779858,rs4708994,C,-0.159639,0.0262237,1.15615e-09,13_10,4348,N
377,6,109353519,rs12206606,A,0.332749,0.0551478,1.61484e-09,74_137,14318,N
378,6,156694252,rs9371424,A,-0.202297,0.033781,2.13457e-09,110_140,5085,N
379,6,163901832,rs1745094,A,0.26985,0.0460727,4.74622e-09,99_242,3004,N
380,6,31235230,rs150437914,C,-0.263489,0.0451018,5.19145e-09,2_243,11225,N
381,6,45935179,rs6907283,T,-0.38506,0.0660003,5.44291e-09,9_20,11803,N
382,6,168382157,rs6918659,A,0.17858,0.030678,5.88716e-09,59_88,5974,N
383,6,154712264,rs35967482,C,0.314975,0.0542811,6.57291e-09,75_150,1356,N
384,6,106514039,rs9398059,A,-0.339807,0.0585659,6.59375e-09,19_23,3656,N
385,6,122734468,rs35806197,A,-0.176455,0.0306247,8.37604e-09,116_117,1477,N
386,6,45859311,rs5875941,TG,-0.162325,0.0282114,8.78195e-09,60_49,12228,N
387,6,80620392,rs343695,G,-4.27496,0.747644,1.08556e-08,17_24,1264,N
388,6,151295931,rs6925755,A,0.185668,0.032533,1.15699e-08,98_84,1652,N
389,6,168567603,rs146053605,T,-1.37395,0.240822,1.1694e-08,64_109,1196,N
390,6,37904764,6:37904764_TAAC_T,T,0.683184,0.119897,1.2193e-08,119_203,1439,N
391,6,170451577,rs3012366,T,-0.213474,0.0375338,1.29749e-08,86_217,23576,N
392,6,131649236,rs9492914,G,0.225778,0.0397496,1.35564e-08,104_130,5520,N
393,6,53742923,rs4613824,G,-0.231901,0.0409468,1.49293e-08,17_135,7900,N
394,6,74033502,rs57862126,A,0.146469,0.0259037,1.5742e-08,16_8,739,N
395,6,140303870,6:140303870_AT_A,A,0.276644,0.0491553,1.83473e-08,67_129,736,N
396,6,144143803,rs6925814,T,0.176504,0.0314931,2.10099e-08,54_44,4809,N
397,6,153452133,rs763352160,G,0.219874,0.0392691,2.1672e-08,71_144,2008,N
398,6,37297998,6:37297998_CTTTTTTTTTTTTTTTT_C,CTTTTTTTTTTTTTTTT,-0.30449,0.0544781,2.29472e-08,81_251,1725,N
399,6,25426768,rs9358856,A,-0.293668,0.0526007,2.37868e-08,61_247,13222,N
400,6,141811185,rs9403310,A,-0.13473,0.0242851,2.90884e-08,86_23,2448,N
401,6,1418027,6:1418027_TTG_T,T,0.158591,0.0285897,2.92076e-08,75_95,1617,N
402,6,130338721,rs113901461,A,-0.263776,0.0475592,2.93531e-08,77_251,1513,N
403,6,22339530,rs1737238,C,-0.21176,0.0381862,2.94897e-08,51_177,4482,N
404,6,92960615,rs72916632,T,0.202398,0.0365666,3.12937e-08,117_34,289,N
405,6,30286542,6:30286542_GA_G,G,-0.195777,0.0355369,3.62681e-08,75_233,20537,N
406,6,139874514,rs604571,A,-0.287105,0.0521972,3.81108e-08,6_175,1465,N
407,6,50266380,rs149611536,C,-0.602817,0.109684,3.90799e-08,99_131,16714,N
408,6,856582,rs538039178,G,-0.141607,0.0257877,4.01354e-08,104_41,1228,N
409,6,32587300,rs9271378,G,0.211102,0.0384929,4.17715e-08,55_250,11192,N
410,6,13754051,rs116734061,A,0.906423,0.166204,4.96089e-08,65_70,5113,N
411,7,51100190,rs12719025,G,0.400065,0.0234883,7.69044e-65,116_38,28553,Y
412,7,46641573,rs55807228,A,-0.345347,0.0322728,1.08936e-26,81_194,27077,Y
413,7,50953621,rs11509225,A,0.394198,0.0387576,2.85041e-24,66_242,28588,Y
414,7,155616455,rs56021560,A,-0.273224,0.0319191,1.16676e-17,47_199,23684,Y
415,7,100054637,rs762414084,G,0.244345,0.0293145,7.95679e-17,14_6,24789,Y
416,7,50730453,rs76849341,C,0.525464,0.064446,3.62852e-16,113_16,28530,Y
417,7,8005174,rs12531825,A,0.266737,0.0332875,1.14637e-15,4_31,22831,Y
418,7,47756822,rs10281623,C,-0.291149,0.0387991,6.30901e-14,93_64,15396,Y
419,7,17700891,rs12673137,G,0.327911,0.0439443,8.68415e-14,31_243,7521,Y
420,7,1056239,rs62651780,A,-0.413693,0.0578835,9.01069e-13,14_250,17565,Y
421,7,107208250,rs1468336,T,0.192438,0.0270017,1.04292e-12,90_7,19249,Y
422,7,156190490,rs35659302,T,0.160109,0.0226559,1.6073e-12,1_42,6061,Y
423,7,5310544,rs13246214,A,-0.237517,0.0336265,1.64936e-12,60_89,3645,Y
424,7,47825957,rs759784176,C,-0.276425,0.039561,2.84291e-12,114_199,4493,N
425,7,67612078,rs17642302,A,-0.236587,0.0356783,3.37093e-11,66_59,18622,N
426,7,101832644,7:101832644_GC_G,G,-0.291131,0.0439768,3.63159e-11,106_250,9758,N
427,7,129591807,rs34926272,C,-0.456095,0.0689488,3.75936e-11,2_24,19687,N
428,7,27083845,rs10229631,G,0.181324,0.0274137,3.77577e-11,73_38,13994,N
429,7,69118117,rs73167531,A,-0.589574,0.094569,4.57932e-10,64_248,20287,N
430,7,107687673,rs77379201,C,0.457934,0.0737709,5.43211e-10,63_107,2570,N
431,7,151047671,rs431281,C,-0.143642,0.0233239,7.40605e-10,30_41,15938,N
432,7,33507177,7:33507177_CAA_C,CAA,-0.15598,0.0253493,7.66e-10,48_11,9865,N
433,7,100240191,rs4434553,G,0.186629,0.0308388,1.44464e-09,119_146,25429,N
434,7,35258029,rs2908045,C,0.230057,0.0380303,1.46679e-09,90_231,8703,N
435,7,129010336,rs113940647,G,-0.139675,0.0232299,1.8387e-09,24_38,14436,N
436,7,17725290,rs11764270,G,-0.263555,0.0439956,2.1087e-09,60_120,2077,N
437,7,157472040,rs6948747,A,0.140352,0.0236227,2.84748e-09,37_24,5761,N
438,7,94766727,7:94766727_CAAAA_C,C,0.198466,0.033405,2.85109e-09,68_155,1794,N
439,7,19612679,rs2052207,C,0.178694,0.0302252,3.40333e-09,77_95,5227,N
440,7,95197279,rs138125769,C,0.616616,0.105429,4.99123e-09,40_247,9529,N
441,7,75077419,rs118130327,A,0.220517,0.0380815,7.05983e-09,32_109,12517,N
442,7,68862918,rs112079926,A,0.507161,0.0876794,7.33304e-09,16_245,2676,N
443,7,157734828,rs62475375,T,0.28117,0.0486356,7.46998e-09,110_195,3211,N
444,7,77139905,rs745773250,TA,-0.152903,0.0267426,1.08778e-08,68_8,5855,N
445,7,99548569,rs2525542,A,0.152924,0.0268073,1.17403e-08,56_42,20605,N
446,7,42201874,rs3801211,T,-0.172655,0.0303625,1.30527e-08,80_91,6849,N
447,7,113970390,rs111523620,A,-0.401339,0.0706052,1.32215e-08,112_12,1144,N
448,7,1381741,rs111789013,C,0.452745,0.0796559,1.32612e-08,83_246,12178,N
449,7,101689714,rs373682,C,-0.238925,0.0420581,1.34905e-08,10_211,6767,N
450,7,9160669,rs17159651,A,1.25973,0.222444,1.49563e-08,28_6,1810,N
451,7,127251792,rs327518,A,0.162666,0.0287316,1.50965e-08,105_90,9270,N
452,7,95292472,rs144212317,A,0.249165,0.0442405,1.79186e-08,119_217,6206,N
453,7,86838782,rs769617827,G,0.440024,0.0781695,1.82274e-08,94_26,3893,N
454,7,113878828,rs35232663,G,0.134108,0.0239777,2.24524e-08,32_6,2927,N
455,7,17443878,rs13239181,C,-0.22212,0.0398583,2.52264e-08,116_195,6146,N
456,7,28489651,rs17156699,G,0.443684,0.0796954,2.60335e-08,82_237,2411,N
457,7,123900625,rs73231961,T,-0.155864,0.0281348,3.04433e-08,47_41,8258,N
458,7,31992809,rs75670532,T,-0.445716,0.0804791,3.0724e-08,9_25,2759,N
459,7,147930789,rs4725769,A,0.14159,0.025577,3.11526e-08,43_16,1906,N
460,7,21969325,rs7783537,A,0.228612,0.0413083,3.14336e-08,78_240,2921,N
461,7,27889371,7:27889371_GAC_G,G,-0.179656,0.0325136,3.30322e-08,24_149,3530,N
462,7,7433417,rs1294649,A,-0.259956,0.0472177,3.70288e-08,44_212,5977,N
463,7,123901838,rs35584889,T,0.171584,0.0311796,3.75302e-08,116_93,8238,N
464,7,35659294,rs12113848,G,0.150349,0.0273511,3.88499e-08,114_39,522,N
465,7,129143812,rs35294314,A,0.139323,0.0254452,4.38953e-08,2_23,14128,N
466,7,117533230,rs1966438,T,-0.130773,0.0239033,4.50254e-08,35_18,3305,N
467,7,33685424,rs4436020,T,0.23934,0.0437625,4.54932e-08,2_36,1098,N
468,8,109106801,rs392783,A,0.79401,0.0497895,4.3355e-57,117_246,18944,Y
469,8,61775373,rs75748074,C,0.233912,0.0247251,3.21299e-21,69_16,23245,Y
470,8,61969579,rs3857971,A,-0.2893,0.0310799,1.35844e-20,72_62,22996,Y
471,8,118901585,rs4480148,A,-0.377495,0.0446268,2.78204e-17,101_236,2069,Y
472,8,74201392,rs57815537,A,0.310479,0.0405139,1.84687e-14,89_175,16606,Y
473,8,57074930,rs199583518,A,-0.393587,0.0555911,1.46321e-12,64_112,1772,Y
474,8,96025051,8:96025051_CA_C,C,-0.35783,0.0513989,3.40705e-12,51_123,15554,N
475,8,121061879,rs4871827,A,-0.222878,0.0326356,8.64704e-12,46_212,14693,N
476,8,8119716,rs712255,G,-0.219691,0.0327902,2.11136e-11,4_186,23274,N
477,8,104174449,rs10112046,A,0.283815,0.0456777,5.23128e-10,32_248,1596,N
478,8,56894106,rs117817671,T,-0.911906,0.147516,6.39596e-10,101_235,2934,N
479,8,64033940,rs68049966,CA,0.25982,0.0420847,6.72857e-10,60_137,944,N
480,8,122818335,rs142473887,A,-0.779723,0.127343,9.26097e-10,118_242,254,N
481,8,8759261,rs332013,T,0.137555,0.0224921,9.69633e-10,15_23,23373,N
482,8,66079444,rs58154819,A,0.197804,0.0329758,2.00798e-09,110_10,4098,N
483,8,121984693,rs12678190,G,0.241834,0.0404008,2.16921e-09,60_132,1219,N
484,8,102119963,rs59420650,T,-0.273788,0.0457427,2.17584e-09,31_106,16019,N
485,8,74251377,rs34207620,T,-0.208859,0.0349821,2.38444e-09,112_187,16586,N
486,8,122241132,rs775172900,C,-0.167204,0.0280943,2.6769e-09,13_122,7108,N
487,8,52774285,rs35890319,A,-0.206674,0.0348157,2.93906e-09,7_191,7693,N
488,8,140616716,rs113919583,T,-0.267977,0.0457348,4.68054e-09,3_95,10431,N
489,8,120830971,rs7819998,C,0.151997,0.0267513,1.34114e-08,39_19,8188,N
490,8,100690797,rs11405601,GT,0.310651,0.0546937,1.357e-08,85_244,4020,N
491,8,3142158,rs57171569,G,-0.474432,0.0836798,1.44033e-08,74_201,9943,N
492,8,100580527,rs10955217,T,0.170334,0.0301091,1.54822e-08,49_108,3874,N
493,8,70403028,rs36024690,AG,-0.225663,0.040815,3.24076e-08,67_144,1192,N
494,8,49997037,rs34084921,TG,-0.136436,0.0247063,3.36538e-08,43_37,8397,N
495,8,9167242,rs2054349,A,-0.179664,0.0326013,3.58916e-08,28_131,22770,N
496,8,105130599,rs113018786,TTTTTTTG,-0.168244,0.0306212,3.94326e-08,105_74,3960,N
497,8,55820605,rs6473956,G,-0.15324,0.0279971,4.4388e-08,82_11,7675,N
498,8,40743752,rs4736886,T,0.165159,0.0302265,4.67936e-08,1_72,466,N
499,9,8630084,rs1337805,G,-0.810762,0.0493023,1.40169e-60,57_138,3563,Y
500,9,76608489,rs144700666,TTTTAA,-0.409,0.0304604,5.06472e-41,5_174,21772,Y
501,9,21576591,rs9298817,A,0.384246,0.0300161,1.88682e-37,63_76,27701,Y
502,9,126596547,rs543070,G,-0.346881,0.0347679,2.03696e-23,103_42,26307,Y
503,9,77118987,rs4090240,T,-0.332404,0.0370888,3.30171e-19,3_193,23370,Y
504,9,102885162,rs846758,A,-0.264526,0.0319154,1.18118e-16,47_224,27184,Y
505,9,111696646,rs117634551,G,0.419596,0.052905,2.22401e-15,48_61,16485,Y
506,9,116917263,rs12555894,C,0.186238,0.0247513,5.4007e-14,76_27,26703,Y
507,9,20028452,rs4073871,A,0.297272,0.0404568,2.04939e-13,68_116,2226,Y
508,9,89351788,rs932858,T,-0.169776,0.024924,9.76743e-12,59_12,10970,N
509,9,77192698,rs1323355,A,0.204436,0.0306335,2.52581e-11,11_193,25012,N
510,9,140277794,9:140277794_T_C,C,0.487147,0.0758132,1.32704e-10,66_124,545,N
511,9,132641635,rs3824538,A,0.284259,0.0447842,2.21286e-10,9_183,12292,N
512,9,140241209,9:140241209_C_T,T,0.349155,0.0551764,2.50841e-10,80_91,9210,N
513,9,16993249,rs1856558,A,2.39887,0.382103,3.46077e-10,90_7,488,N
514,9,71766119,rs11145461,T,-0.205791,0.0329932,4.49101e-10,7_145,15448,N
515,9,98238358,rs2066836,A,-0.234902,0.0376641,4.50857e-10,41_220,19684,N
516,9,73459345,9:73459345_AAAAC_A,AAAAC,0.249511,0.041099,1.28205e-09,72_239,7001,N
517,9,14561506,rs10961575,T,0.487337,0.0806728,1.54504e-09,59_112,1316,N
518,9,140221083,9:140221083_G_A,A,0.21038,0.0355874,3.4127e-09,47_83,6764,N
519,9,80732632,9:80732632_AT_A,AT,-0.187938,0.0327242,9.35901e-09,87_84,9280,N
520,9,97132132,rs36080252,T,0.131558,0.0229814,1.04401e-08,3_62,8628,N
521,9,109937653,rs1519041,C,0.205473,0.0360814,1.24392e-08,63_246,6479,N
522,9,14460799,rs10810163,G,0.169338,0.0297968,1.33142e-08,53_13,3821,N
523,9,34316043,rs10972054,T,0.186298,0.0328238,1.39006e-08,90_117,5508,N
524,9,80297766,rs11792972,C,-0.149728,0.0270285,3.0489e-08,51_9,3380,N
525,9,128428267,rs626208,T,0.228353,0.0412731,3.17123e-08,9_236,4970,N
526,9,129164360,rs73668020,A,-0.179268,0.0324965,3.47703e-08,9_46,6161,N
527,9,27305598,rs724502,A,0.149046,0.0271595,4.09264e-08,8_98,6310,N
528,9,26186940,rs10757599,C,-0.164817,0.0300492,4.16064e-08,83_142,2927,N
529,9,106148215,rs303635,G,-0.183067,0.0335255,4.77349e-08,93_9,768,N
530,9,112918217,rs10980226,C,-0.333436,0.061091,4.84113e-08,54_251,3754,N
531,9,116931666,rs2567705,T,-0.185864,0.0340641,4.88835e-08,42_232,26684,N
532,10,102627011,rs9919402,C,0.425252,0.0314915,1.80661e-41,64_199,18634,Y
533,10,70030464,rs10762199,C,-0.489318,0.0447047,7.59415e-28,9_220,8277,Y
534,10,49741135,rs1947075,C,0.356351,0.0344377,4.58626e-25,102_199,27993,Y
535,10,79619461,rs2579136,A,-0.326095,0.0324137,8.78162e-24,65_95,18026,Y
536,10,98871211,rs2636780,G,0.37033,0.0385958,8.81827e-22,119_186,4206,Y
537,10,45160255,rs11598611,A,0.477906,0.055702,9.82505e-18,93_243,2641,Y
538,10,94621540,rs7910006,A,0.253571,0.0312096,4.59982e-16,76_177,7277,Y
539,10,17007847,rs61151602,TA,-0.292834,0.0364997,1.05848e-15,69_149,3823,Y
540,10,85981351,rs11817531,A,0.269539,0.0348501,1.06274e-14,27_173,21265,Y
541,10,13541724,rs113234105,T,0.327902,0.0426859,1.60278e-14,68_121,2376,Y
542,10,123441384,rs4752580,T,0.240363,0.0313642,1.84579e-14,22_136,20227,Y
543,10,116318672,rs2483547,G,0.35402,0.0478376,1.38193e-13,63_114,1097,Y
544,10,124219275,rs3793917,G,-0.250522,0.035263,1.2274e-12,65_92,12717,Y
545,10,94920094,rs10786074,G,-0.291166,0.0417947,3.29406e-12,80_247,2905,N
546,10,102751612,10:102751612_CA_C,C,-0.231854,0.0342374,1.28686e-11,72_74,15828,N
547,10,44910370,rs2799712,C,-0.319333,0.0478938,2.63292e-11,13_230,3779,N
548,10,94821385,rs762244104,CCGTT,0.411333,0.0623366,4.19948e-11,63_123,4038,N
549,10,27111539,rs2148112,A,0.277583,0.0433896,1.59617e-10,42_250,5238,N
550,10,28609690,rs786391,C,0.268032,0.0425619,3.05468e-10,109_201,10538,N
551,10,24412063,rs139574380,TTG,0.195267,0.0318243,8.54767e-10,61_41,1701,N
552,10,63724390,rs7896246,A,-0.236212,0.0387924,1.14495e-09,71_117,2985,N
553,10,16830307,rs780639,T,0.417875,0.068686,1.18322e-09,101_218,4046,N
554,10,49409976,rs756082257,T,0.230997,0.0385169,2.0224e-09,66_104,28512,N
555,10,62855274,rs79829706,T,-0.539753,0.0903413,2.32467e-09,89_155,14416,N
556,10,105530086,rs10748849,T,-0.242083,0.0411091,3.91893e-09,64_141,1855,N
557,10,127639805,10:127639805_TA_T,T,-0.218018,0.0376769,7.23591e-09,20_172,11075,N
558,10,115168650,rs10885448,C,-0.200417,0.0346739,7.5182e-09,42_225,9145,N
559,10,14137930,rs12247012,T,0.438127,0.0760501,8.41736e-09,104_230,3340,N
560,10,5828567,10:5828567_ACTT_A,A,0.185251,0.0322892,9.6876e-09,77_117,3283,N
561,10,73147307,rs10823730,C,0.130126,0.0228115,1.1752e-08,28_38,5809,N
562,10,96009182,rs543302184,TA,-0.135762,0.0238908,1.3351e-08,10_68,6095,N
563,10,28456529,rs2985515,G,-0.14161,0.0250257,1.53601e-08,90_16,8493,N
564,10,80224310,rs2670194,A,0.152089,0.0269396,1.65693e-08,5_104,2781,N
565,10,126684134,rs3781446,T,0.180867,0.0324967,2.62653e-08,90_154,7347,N
566,10,102116914,rs3793770,T,0.175938,0.0318319,3.27457e-08,61_189,17179,N
567,10,134397125,rs7084105,G,0.131935,0.0238726,3.28332e-08,111_48,2418,N
568,10,104631484,10:104631484_CAAACAAAACA_C,C,-0.212799,0.0385492,3.40571e-08,93_127,5633,N
569,10,126692423,rs3781441,A,-0.17047,0.0309295,3.57687e-08,41_12,4429,N
570,10,126156923,rs4962579,C,-0.233223,0.0426812,4.67324e-08,110_248,702,N
571,10,100628121,rs117780022,T,-0.347661,0.0637233,4.9024e-08,7_123,3541,N
572,10,104392497,rs11191355,C,0.176351,0.0323415,4.98651e-08,3_10,99,N
573,11,88935088,rs12285584,T,-0.355812,0.0303135,9.12778e-32,67_65,21575,Y
574,11,68968271,rs116233906,A,-0.873095,0.0777914,3.43104e-29,60_210,24575,Y
575,11,31503321,rs961627,A,-0.364957,0.0335648,1.67964e-27,56_202,25578,Y
576,11,121447188,rs4936637,C,0.339488,0.0339741,1.74281e-23,75_57,24930,Y
577,11,17019317,rs12575487,T,0.303513,0.0316141,8.36115e-22,63_91,28468,Y
578,11,120010550,rs56391092,T,-0.586294,0.0616652,2.04603e-21,65_118,21545,Y
579,11,31819174,rs628224,A,-0.53191,0.0605827,1.6952e-18,118_245,24251,Y
580,11,31285284,rs11602582,A,-0.5221,0.0659743,2.55814e-15,72_91,5877,Y
581,11,69303977,rs12225226,G,-0.411289,0.0548772,6.77127e-14,64_144,21396,Y
582,11,128811886,rs10893936,A,0.193618,0.0260175,1.01165e-13,63_19,12779,Y
583,11,17295046,rs214092,G,-0.218367,0.0298043,2.40048e-13,23_138,28497,Y
584,11,772490,rs12224894,A,0.198812,0.0290322,7.59005e-12,111_129,15035,N
585,11,88781243,rs537975238,GA,-0.378625,0.0556972,1.07516e-11,58_237,19346,N
586,11,124706625,rs10750291,A,-0.276546,0.0408128,1.25179e-11,63_129,21310,N
587,11,118301375,rs111656195,A,-0.539986,0.0863473,4.04732e-10,63_107,3098,N
588,11,5663048,rs11038488,T,-0.161707,0.026143,6.24781e-10,11_7,6260,N
589,11,95299637,rs1255529,A,-0.192084,0.0315511,1.15277e-09,42_223,8536,N
590,11,69461731,rs647451,T,0.188296,0.0314006,2.03145e-09,38_166,21267,N
591,11,47733494,rs1017730,A,-0.164865,0.027637,2.46016e-09,51_21,6758,N
592,11,112834763,rs57715877,A,0.164103,0.0277252,3.26502e-09,62_18,8365,N
593,11,134308678,rs10894813,C,0.188182,0.0317983,3.28398e-09,63_87,5216,N
594,11,69282036,rs3740643,C,0.225319,0.0387626,6.18701e-09,55_250,24074,N
595,11,58285494,rs10896787,T,0.181895,0.0314026,6.98968e-09,53_44,4517,N
596,11,49606485,rs6485996,T,0.24801,0.0429562,7.81486e-09,62_251,3977,N
597,11,92045171,rs1458203,G,-0.156254,0.0271685,8.91592e-09,99_30,1348,N
598,11,125750938,rs372402855,CA,-0.150415,0.026307,1.08698e-08,55_23,6286,N
599,11,56521525,rs373226955,C,-0.14844,0.0260037,1.14787e-08,30_40,9646,N
600,11,68234365,rs61391279,A,0.268092,0.0475163,1.69042e-08,61_140,2691,N
601,11,18291321,rs12218,T,-0.163176,0.0289949,1.837e-08,23_175,9444,N
602,11,71703483,rs72956164,A,-0.224761,0.0401932,2.25812e-08,16_13,2706,N
603,11,19536054,rs55696812,T,-0.204202,0.0365864,2.40052e-08,103_206,16249,N
604,11,36448341,rs744896,G,0.160817,0.0288279,2.4406e-08,19_53,5604,N
605,11,66024815,rs150341182,A,0.612987,0.110034,2.54996e-08,55_251,2828,N
606,11,19565318,rs57939750,C,0.367189,0.0659645,2.61509e-08,6_208,754,N
607,11,728487,rs12419200,T,-0.155425,0.0280028,2.8679e-08,87_27,14823,N
608,11,45225174,rs370079421,A,-0.14143,0.0254918,2.90583e-08,18_9,2556,N
609,11,45794692,rs34956570,T,0.824299,0.148973,3.1626e-08,74_14,1038,N
610,11,7685064,rs60403479,G,-0.365021,0.0659736,3.16922e-08,117_240,225,N
611,11,125435724,rs34775006,G,-0.271248,0.0490338,3.18694e-08,50_120,6746,N
612,11,11771889,rs10500747,C,-0.232361,0.0421473,3.54658e-08,10_217,1971,N
613,11,46659855,rs11607598,T,1.46286,0.265529,3.62451e-08,97_230,2051,N
614,11,828050,rs115420766,T,0.891083,0.162019,3.8227e-08,112_158,14251,N
615,11,49892144,rs7396359,C,0.13548,0.0246446,3.87695e-08,105_11,5809,N
616,11,110516735,rs113157751,C,-0.229456,0.0417684,3.96213e-08,75_164,8537,N
617,11,27415496,rs11029993,C,-0.24661,0.0449074,4.00711e-08,96_237,2587,N
618,11,13348377,rs4578371,T,-0.164728,0.0300197,4.10321e-08,57_29,2290,N
619,11,99399809,11:99399809_AAAAC_A,A,0.25577,0.0467436,4.48049e-08,57_29,4737,N
620,12,56115585,rs3138142,T,0.817853,0.034249,3.27148e-125,69_174,28992,Y
621,12,19094335,rs10841116,C,-0.674533,0.0421344,1.61993e-57,68_142,4003,Y
622,12,31049763,rs61916712,T,0.875618,0.0554684,5.59306e-56,67_135,6118,Y
623,12,96194586,rs117821803,T,-0.863402,0.055789,7.01984e-54,80_251,28922,Y
624,12,6954864,rs5442,A,-0.58159,0.0517898,3.19733e-29,88_54,26385,Y
625,12,32491626,rs1471909,A,-0.381369,0.0429516,6.99782e-19,37_250,12856,Y
626,12,103494463,rs3914817,T,0.24323,0.0284728,1.35524e-17,61_87,9573,Y
627,12,43939576,rs147609489,CT,-0.368373,0.0436466,3.27413e-17,114_241,14602,Y
628,12,109766137,rs2879054,C,0.305765,0.0390505,4.99024e-15,30_127,7114,Y
629,12,46191309,rs7955891,T,-0.305831,0.0391251,5.54373e-15,111_206,3580,Y
630,12,875653,rs578135333,CT,0.282055,0.0367952,1.81831e-14,74_224,10308,Y
631,12,24130722,rs200174398,CT,-0.174511,0.0229904,3.24813e-14,5_42,17193,Y
632,12,45499290,rs140887941,GGTTCCTCCA,0.478476,0.0693791,5.40136e-12,108_213,1930,N
633,12,48426392,rs10875728,G,0.212514,0.0308855,6.03678e-12,119_74,21146,N
634,12,361996,rs3782860,C,-0.251689,0.0371721,1.29629e-11,55_140,4297,N
635,12,46029247,rs11835837,G,5.51305,0.831421,3.37637e-11,1_40,79,N
636,12,63027316,rs10877898,G,-0.187164,0.0283779,4.28917e-11,79_94,18431,N
637,12,32438832,rs10844168,A,-0.354497,0.0545565,8.23886e-11,67_142,10124,N
638,12,20924232,rs9738510,C,-0.162947,0.0251979,1.01247e-10,101_43,14981,N
639,12,65406133,rs11175628,C,0.279022,0.0441745,2.70388e-10,69_40,8734,N
640,12,51575048,12:51575048_CA_C,C,-0.303844,0.0482016,2.93586e-10,59_116,2153,N
641,12,24324159,rs78186941,G,0.151775,0.0240815,2.95569e-10,29_8,16416,N
642,12,51138862,rs1047912,T,0.2708,0.0436267,5.4425e-10,17_236,18691,N
643,12,77987411,rs764881700,C,-0.264522,0.0426468,5.60349e-10,76_247,9180,N
644,12,109794926,rs3214666,GA,-0.256713,0.0420966,1.0819e-09,58_139,2942,N
645,12,4384844,rs76895963,G,-1.03122,0.170108,1.35455e-09,2_245,7693,N
646,12,62953773,rs7311952,C,0.141995,0.0237612,2.30602e-09,7_15,19862,N
647,12,77182464,rs7309200,C,-0.302995,0.0509961,2.84556e-09,9_180,12539,N
648,12,49461905,rs755088758,CT,-0.189662,0.0319321,2.88013e-09,81_216,19213,N
649,12,47314811,12:47314811_GT_G,GT,0.184585,0.0311859,3.26672e-09,102_111,11644,N
650,12,121463288,rs2708081,C,0.16308,0.0276009,3.47814e-09,115_108,8365,N
651,12,48177046,rs73107927,T,0.404255,0.0693301,5.55322e-09,79_101,11245,N
652,12,124642754,rs141181443,T,-0.858683,0.147467,5.82575e-09,67_40,7472,N
653,12,16911963,rs75665264,C,-0.383095,0.0661898,7.17967e-09,20_65,3725,N
654,12,32810904,rs11052136,A,0.182194,0.0314971,7.3239e-09,83_36,6611,N
655,12,103433302,rs558545406,AAT,-0.363354,0.0628695,7.54374e-09,106_249,2366,N
656,12,41819498,rs76667425,T,0.672741,0.116988,8.95675e-09,119_205,8293,N
657,12,74608695,12:74608695_CT_C,C,3.00533,0.530397,1.46946e-08,31_6,447,N
658,12,1293303,12:1293303_CAAAAAAAAAAA_C,C,-0.21254,0.0375917,1.57832e-08,81_60,6685,N
659,12,120835857,rs1144844,C,0.212467,0.0376208,1.63737e-08,5_196,9814,N
660,12,27772971,rs7960013,A,0.19938,0.0354395,1.85666e-08,54_8,1382,N
661,12,111720125,12:111720125_CA_C,C,0.136363,0.0242581,1.90648e-08,35_40,3394,N
662,12,118467553,rs4767654,G,0.160103,0.0286662,2.35022e-08,15_139,3847,N
663,12,114928275,rs3858619,C,-0.151694,0.0272181,2.5147e-08,9_43,5155,N
664,12,11808054,rs1894329,G,-0.211413,0.0379947,2.64822e-08,62_149,1420,N
665,12,31799621,rs11833831,C,-0.164175,0.029654,3.10621e-08,35_8,9760,N
666,12,94875344,rs59967551,A,-0.19616,0.0354463,3.14808e-08,33_16,1287,N
667,12,61002910,rs112490420,T,0.938772,0.169895,3.30248e-08,20_100,4018,N
668,12,124923096,12:124923096_AC_A,A,-0.290979,0.0528773,3.75678e-08,25_242,1520,N
669,12,63007102,rs4763181,C,-0.227742,0.0414966,4.08294e-08,67_140,1239,N
670,12,108788106,rs57380889,C,1.95328,0.35677,4.40177e-08,9_9,701,N
671,12,68632156,rs7296489,C,-0.202852,0.0370891,4.54322e-08,2_187,1733,N
672,12,53500400,rs148036027,T,-0.423428,0.0776328,4.94528e-08,7_8,4629,N
673,13,44304458,rs9525830,C,-0.662298,0.0411598,4.37185e-58,64_112,2646,Y
674,13,111893413,rs7985441,T,-0.62104,0.041857,1.11786e-49,67_118,17493,Y
675,13,28963676,rs2296284,A,-0.186733,0.02379,4.28161e-15,7_20,13530,Y
676,13,73848463,rs9592900,A,-0.35232,0.0456295,1.17602e-14,42_251,15792,Y
677,13,104649307,rs2575134,A,0.28682,0.0373121,1.5376e-14,1_210,1769,Y
678,13,58878285,rs150502290,T,-0.487369,0.0677383,6.35333e-13,68_121,1003,Y
679,13,28701465,rs113316523,CTCAA,-0.30554,0.0453765,1.67784e-11,58_234,11345,N
680,13,101438600,rs12585299,T,0.325396,0.0490723,3.37488e-11,2_249,218,N
681,13,78283502,rs9530686,T,0.474297,0.0730743,8.64178e-11,63_135,4811,N
682,13,113578304,rs79199567,C,-0.465725,0.0719846,9.91944e-11,64_122,522,N
683,13,31037213,rs969248,G,3.98121,0.646646,7.4931e-10,113_9,102,N
684,13,22298923,rs606950,G,-0.270005,0.0441432,9.64322e-10,19_244,1510,N
685,13,30904695,rs71192644,CT,0.13518,0.0224513,1.74726e-09,2_43,9201,N
686,13,52818696,13:52818696_CT_C,CT,-0.215268,0.0362974,3.04019e-09,28_125,13641,N
687,13,69077974,rs2648791,T,-4.48141,0.760674,3.85849e-09,17_24,2205,N
688,13,24023559,rs75113968,G,1.49829,0.254675,4.05516e-09,101_240,4479,N
689,13,73995877,rs7336001,C,0.230323,0.0393557,4.8823e-09,8_48,10442,N
690,13,73962862,rs17090129,A,-0.135964,0.0235433,7.74498e-09,111_14,9911,N
691,13,80837872,rs9593433,C,-0.341416,0.0593156,8.67547e-09,44_180,6133,N
692,13,51985350,rs574366975,AAAAT,0.212579,0.03696,8.89964e-09,61_238,1482,N
693,13,97944412,rs9556696,G,-0.205723,0.0359801,1.08706e-08,75_133,855,N
694,13,101176229,rs837325,C,-0.199304,0.0348739,1.10427e-08,119_171,690,N
695,13,101539488,rs686615,A,-0.160719,0.0284454,1.61381e-08,91_11,2034,N
696,13,91973351,13:91973351_CAGAG_C,C,0.179594,0.0317897,1.61986e-08,5_9,174,N
697,13,52876452,rs9526879,G,0.192149,0.0341312,1.81623e-08,110_101,13759,N
698,13,23894752,rs1536729,G,-0.214383,0.0381213,1.88065e-08,73_127,1016,N
699,13,73725782,rs12184909,A,-0.299307,0.0532747,1.94169e-08,119_195,11460,N
700,13,42245875,rs200934472,TC,0.59422,0.107388,3.15879e-08,62_50,4267,N
701,14,60796648,rs2180833,C,-0.570988,0.0359365,1.09892e-56,5_205,18545,Y
702,14,74497638,rs200916002,G,-0.707386,0.0516518,1.33124e-42,54_244,29041,Y
703,14,59719393,rs17095953,A,-0.571655,0.047453,2.28326e-33,113_208,17927,Y
704,14,73279420,rs4903064,C,-0.497896,0.0458654,2.03587e-27,61_129,7879,Y
705,14,75335538,14:75335538_CA_C,CA,0.309907,0.030438,2.55395e-24,84_142,28741,Y
706,14,54629593,rs72682570,A,0.356725,0.0388804,4.7129e-20,98_43,14350,Y
707,14,60976501,rs146737847,A,-2.15387,0.256347,4.51507e-17,112_248,17256,Y
708,14,21790460,rs8008315,T,-0.247173,0.030083,2.15532e-16,58_100,5745,Y
709,14,23419036,rs2145542,C,-0.345447,0.0421113,2.40507e-16,104_243,25061,Y
710,14,31381351,rs2273171,C,0.229013,0.028384,7.30703e-16,59_90,8278,Y
711,14,54776972,rs12147623,T,0.581387,0.0738765,3.63694e-15,9_229,10194,Y
712,14,69509799,rs1892296,G,0.242179,0.0309087,4.78423e-15,41_101,24362,Y
713,14,88943790,rs369022409,TAAAAAAA,-0.270898,0.037062,2.73164e-13,64_106,2366,Y
714,14,68991286,rs2842338,G,-0.308768,0.044756,5.3125e-12,110_207,22160,N
715,14,74203093,rs12588916,A,-0.170323,0.0249273,8.44001e-12,14_55,28815,N
716,14,25449292,rs17109401,C,-0.234204,0.0343218,8.9857e-12,45_6,19069,N
717,14,68978514,14:68978514_AG_A,A,0.184249,0.0287847,1.56019e-10,2_106,24579,N
718,14,34587964,14:34587964_TGG_T,TGG,0.189665,0.0300374,2.74077e-10,76_95,7382,N
719,14,77726516,rs369901,G,-0.225932,0.0368964,9.23798e-10,85_209,17987,N
720,14,56469604,rs1188201,C,-0.187912,0.0310879,1.51071e-09,100_184,15260,N
721,14,54209111,rs145119622,A,-0.485265,0.0803881,1.58749e-09,99_120,9557,N
722,14,85589939,rs77732727,G,0.398612,0.0663164,1.86134e-09,92_249,1422,N
723,14,77159339,rs7401656,G,0.249713,0.04181,2.35396e-09,70_117,1926,N
724,14,32478771,rs12590840,G,0.447503,0.0753714,2.91952e-09,65_100,1466,N
725,14,92526163,14:92526163_GAAAA_G,G,0.185078,0.0315182,4.33453e-09,40_42,5554,N
726,14,104480338,14:104480338_AG_A,A,0.236703,0.0404175,4.76305e-09,89_8,2233,N
727,14,103992592,rs75482283,A,-0.340276,0.058112,4.7894e-09,1_223,948,N
728,14,52515716,rs2749883,A,-0.129146,0.0221811,5.84361e-09,5_23,2785,N
729,14,106868549,rs34343473,T,0.255225,0.0439089,6.19407e-09,118_98,5207,N
730,14,54418411,rs2071047,A,-0.182259,0.0315713,7.84367e-09,29_143,18271,N
731,14,69210059,rs194764,A,0.300876,0.052376,9.27866e-09,119_95,22383,N
732,14,20728716,rs61993941,C,-0.535447,0.0936207,1.07656e-08,33_229,4997,N
733,14,88847099,rs117179630,C,0.605936,0.107438,1.71235e-08,72_18,2746,N
734,14,32945331,14:32945331_CAT_C,C,-0.288564,0.0513302,1.90229e-08,88_250,2465,N
735,14,23795976,rs2268330,G,-0.202066,0.0359505,1.91379e-08,19_206,12910,N
736,14,85623914,rs12889244,C,-0.202611,0.0363304,2.46295e-08,2_198,1506,N
737,14,77857672,rs377304119,CT,0.279566,0.0504747,3.06433e-08,59_133,723,N
738,14,81129305,rs10134782,A,-0.166135,0.0301802,3.7177e-08,110_120,4333,N
739,14,43174102,14:43174102_CTT_C,C,0.598721,0.108789,3.74469e-08,60_180,3269,N
740,14,67537189,rs138112878,T,-0.526558,0.0962471,4.50242e-08,84_135,12442,N
741,14,89157695,rs144524844,T,0.737456,0.134989,4.70567e-08,9_26,2808,N
742,15,89153744,rs1470108,A,0.348841,0.0298384,1.58171e-31,72_54,20999,Y
743,15,53999768,rs556217,T,-0.332404,0.0312828,2.4381e-26,57_226,27131,Y
744,15,74940270,rs7161903,G,-0.44824,0.0423953,4.28607e-26,60_100,5155,Y
745,15,28230318,rs1800407,T,-0.59323,0.0564307,8.12931e-26,29_145,24681,Y
746,15,86355634,rs56239572,C,0.482221,0.0460193,1.16252e-25,68_118,3756,Y
747,15,96884712,rs3743460,C,0.325314,0.0324239,1.1571e-23,36_131,12562,Y
748,15,28230247,rs121918166,T,1.84963,0.209466,1.08328e-18,64_127,8983,Y
749,15,101205180,rs1689939,C,0.220283,0.0256474,9.06894e-18,118_35,9144,Y
750,15,60015961,rs35507786,AT,0.26646,0.0316761,4.15275e-17,78_181,20317,Y
751,15,31453147,rs75638145,A,-0.280604,0.0351065,1.35016e-15,85_41,23238,Y
752,15,48008619,rs72735850,G,-0.657534,0.0850854,1.11678e-14,115_200,3135,Y
753,15,96485833,rs28676647,T,0.383749,0.0529651,4.38687e-13,43_100,7588,Y
754,15,48795195,rs66993605,T,-0.219797,0.0316881,4.08222e-12,8_59,21314,N
755,15,41318845,rs9920619,G,-0.205119,0.0297535,5.50102e-12,73_62,15858,N
756,15,51430825,rs71471593,A,-0.365126,0.0547115,2.52536e-11,12_248,902,N
757,15,79062996,rs548281058,TG,-0.292112,0.0448451,7.40769e-11,118_245,10683,N
758,15,101205777,rs1389401,G,0.488526,0.078266,4.36404e-10,83_251,7543,N
759,15,72117102,rs16956273,A,0.211999,0.0350199,1.42747e-09,52_173,15695,N
760,15,89767420,rs12900108,C,0.189871,0.0313826,1.45869e-09,59_101,2251,N
761,15,53655555,rs1189406,A,0.18013,0.0307734,4.85035e-09,57_185,27008,N
762,15,53083614,rs2440316,C,-0.153284,0.026334,5.8985e-09,2_67,26146,N
763,15,75762608,rs4886708,T,-0.2858,0.0491783,6.23469e-09,58_134,4293,N
764,15,70767990,rs4506843,C,-0.307687,0.0535494,9.2071e-09,46_212,7543,N
765,15,86283954,rs144018637,AAC,0.273869,0.0478977,1.08633e-08,71_130,3626,N
766,15,85880568,rs4284612,A,0.361271,0.0639015,1.58152e-08,5_90,5551,N
767,15,101322542,rs11637451,T,0.19006,0.0336189,1.58325e-08,53_111,1641,N
768,15,74461720,rs4886574,C,0.184871,0.0328694,1.87292e-08,58_201,12729,N
769,15,101222722,rs75533304,A,-0.357207,0.0637343,2.09971e-08,102_196,9309,N
770,15,94367902,rs2066390,G,-0.203893,0.0367418,2.88452e-08,79_94,4566,N
771,15,71591197,rs9806553,T,0.149927,0.0271367,3.31602e-08,49_10,464,N
772,15,32132655,rs8032920,T,0.223164,0.0404083,3.35696e-08,92_233,866,N
773,15,99241021,rs11634678,T,-0.226238,0.0409944,3.43408e-08,1_223,480,N
774,15,67971300,rs35828534,CA,-0.21715,0.039435,3.6806e-08,53_131,4735,N
775,15,82524027,rs34673953,GT,0.125677,0.0228558,3.84786e-08,1_54,4552,N
776,15,53679765,rs1501068,G,0.211996,0.0386444,4.13869e-08,32_197,27030,N
777,16,80537760,rs4635359,C,0.667417,0.0467659,4.2014e-46,97_234,27576,Y
778,16,65634047,rs7191242,C,-0.417882,0.0442087,3.46902e-21,117_192,3536,Y
779,16,2584087,rs139966754,T,-1.72086,0.192696,4.40621e-19,3_200,4624,Y
780,16,79628324,rs766994621,G,-0.467057,0.0542497,7.59002e-18,35_96,25990,Y
781,16,84559953,rs142685797,T,0.270533,0.0343866,3.70496e-15,42_32,19654,Y
782,16,77565136,rs7193432,T,-0.327617,0.0433424,4.14806e-14,55_18,20502,Y
783,16,77360509,rs74589092,A,0.487453,0.0708374,6.01232e-12,58_54,19559,N
784,16,86079385,rs66692701,G,0.282274,0.0412532,7.88792e-12,67_125,329,N
785,16,77469974,rs2343699,T,0.218688,0.0322665,1.23786e-11,69_163,20162,N
786,16,55321768,rs13336302,T,0.303243,0.0450329,1.67355e-11,61_136,547,N
787,16,21237217,rs9924688,G,-0.230436,0.0346504,2.95948e-11,53_116,2977,N
788,16,78643707,rs2548877,T,-0.205339,0.0309708,3.39441e-11,40_114,10177,N
789,16,24736408,rs2547040,G,-0.306401,0.046483,4.39899e-11,64_149,14624,N
790,16,49836271,rs750589,G,-0.27023,0.0413988,6.7622e-11,19_237,6339,N
791,16,2602891,rs551982364,C,-1.19086,0.182671,7.14804e-11,6_204,3927,N
792,16,89437560,rs889573,C,0.153573,0.0236965,9.22163e-11,87_16,7619,N
793,16,54985093,16:54985093_CT_C,CT,0.205722,0.032008,1.31328e-10,18_92,11500,N
794,16,85700360,rs12149202,A,-0.163985,0.0255989,1.51002e-10,2_63,17563,N
795,16,7458580,rs4640203,C,0.245154,0.0397042,6.69589e-10,69_249,5284,N
796,16,89667699,rs164739,G,0.273312,0.0456352,2.12733e-09,68_117,8149,N
797,16,68840025,rs62055767,T,-0.286753,0.0486852,3.89197e-09,54_225,6325,N
798,16,17127423,rs8061749,A,0.238714,0.0408726,5.24401e-09,117_203,2536,N
799,16,81889094,rs12922252,G,0.142458,0.0251036,1.39717e-08,88_25,2119,N
800,16,84026992,rs73248822,A,5.54472,0.985783,1.86999e-08,100_242,914,N
801,16,67876823,rs28647874,G,-0.348105,0.0619109,1.89186e-08,51_225,6479,N
802,16,9232274,rs72769977,A,-0.219495,0.0392561,2.26642e-08,30_42,5037,N
803,16,49789337,rs7197830,A,0.125989,0.0225533,2.33361e-08,6_27,5694,N
804,16,84803189,rs111451681,T,-0.186433,0.0334363,2.47897e-08,63_8,17065,N
805,16,52472421,rs10653661,ATTTCT,-0.190472,0.0343626,2.99043e-08,1_193,1054,N
806,16,84870583,rs8062617,T,-0.243379,0.0442737,3.88143e-08,30_158,16369,N
807,16,11720066,rs12446552,C,-0.180291,0.0329733,4.5823e-08,50_109,3112,N
808,16,53822169,16:53822169_AT_A,A,-0.140869,0.025812,4.85489e-08,101_7,555,N
809,17,79614932,17:79614932_TTAAC_T,TTAAC,-0.72202,0.0325531,2.18985e-108,65_195,25201,Y
810,17,44325635,rs2696618,C,0.545003,0.03669,8.67546e-50,69_192,21425,Y
811,17,59031608,rs9916145,G,0.489939,0.0434193,1.73409e-29,36_115,25223,Y
812,17,81057622,rs34400960,C,-0.441546,0.0424434,2.56987e-25,12_226,16670,Y
813,17,13500396,rs726799,T,-0.38539,0.0387982,3.16237e-23,106_212,3054,Y
814,17,14101043,rs2023617,G,0.36511,0.0402271,1.17044e-19,119_193,19610,Y
815,17,69824561,rs733383,T,0.435784,0.0491498,7.83544e-19,65_149,4128,Y
816,17,68651481,rs4793497,G,-0.397306,0.0499297,1.80101e-15,69_130,2887,Y
817,17,68726544,rs9912396,C,-0.345901,0.0449768,1.49491e-14,83_251,19383,Y
818,17,68295842,rs312695,T,0.249036,0.0334441,9.77572e-14,21_192,19248,Y
819,17,61043479,rs529577066,ACCACGCACGCGCCC,-0.330388,0.0459741,6.76039e-13,112_203,2786,Y
820,17,66016006,rs62086903,C,0.214015,0.0310523,5.5732e-12,63_32,21611,N
821,17,13341710,rs2996009,T,-0.308359,0.0456486,1.44576e-11,16_251,3459,N
822,17,70253137,rs4793417,T,0.267498,0.0405202,4.11479e-11,70_87,3399,N
823,17,7806529,rs7222046,G,0.153588,0.0233077,4.46184e-11,115_33,13755,N
824,17,26248808,rs3057246,A,-0.158873,0.025535,4.96065e-10,110_13,7500,N
825,17,32688100,rs3138029,G,-0.224437,0.0372513,1.70529e-09,16_220,6181,N
826,17,19874145,rs79722969,T,-0.175377,0.0295744,3.05206e-09,25_18,10196,N
827,17,47418178,rs35587648,A,0.263318,0.0445259,3.36807e-09,100_242,3594,N
828,17,67578709,rs12453895,T,-0.232875,0.0395202,3.8312e-09,26_239,14164,N
829,17,55402346,rs941283,C,0.204092,0.0346599,3.92794e-09,61_62,10971,N
830,17,73825463,rs111365807,C,-0.261258,0.0447533,5.32956e-09,71_98,3481,N
831,17,62347330,rs1474398,C,-0.138453,0.0238976,6.93735e-09,89_20,10694,N
832,17,48914445,rs9901027,A,-0.250947,0.0434521,7.73693e-09,65_144,1286,N
833,17,48136824,rs9893356,T,-0.308503,0.0540146,1.12741e-08,64_99,1879,N
834,17,5899144,17:5899144_GTT_G,G,0.479089,0.0842783,1.31957e-08,106_234,1446,N
835,17,9781954,rs4791901,G,-0.183872,0.032385,1.37395e-08,75_144,2203,N
836,17,79990245,rs528509306,A,1.14821,0.202322,1.39451e-08,27_168,24824,N
837,17,7845647,rs12950912,A,0.156735,0.0276347,1.42333e-08,5_90,14224,N
838,17,35751549,rs11657433,A,0.277018,0.0488991,1.47884e-08,81_232,2082,N
839,17,14110668,17:14110668_GTT_G,G,0.18209,0.0321698,1.52106e-08,10_9,17673,N
840,17,2095954,rs1563966,A,-0.173699,0.0308159,1.74436e-08,43_94,9827,N
841,17,68462497,rs11867865,A,-0.453628,0.0805155,1.77122e-08,105_27,21798,N
842,17,6344451,17:6344451_TCA_T,TCA,0.146445,0.0262959,2.57557e-08,92_11,6599,N
843,17,2330003,rs780317381,A,0.141321,0.0254091,2.6854e-08,2_41,10726,N
844,17,13895922,rs8069644,A,0.168166,0.030355,3.04269e-08,22_148,20382,N
845,17,57712853,rs117446882,G,-0.937799,0.169292,3.0506e-08,40_121,21459,N
846,17,73663296,rs2165635,A,-0.228654,0.0413709,3.27776e-08,61_123,334,N
847,17,15883809,rs2286795,C,-0.209098,0.0378855,3.42486e-08,71_140,928,N
848,17,7578671,rs35850753,T,-0.620615,0.112463,3.44129e-08,97_178,6200,N
849,17,8102779,rs764545621,A,-0.141179,0.0255877,3.45912e-08,42_20,4198,N
850,17,80898628,rs35875487,AT,0.180426,0.0328361,3.93503e-08,9_9,14980,N
851,17,80695501,rs8082558,A,0.146856,0.0268943,4.77414e-08,11_132,9928,N
852,18,56940307,rs2271733,T,0.383632,0.0331861,7.29741e-31,72_184,28725,Y
853,18,6730716,rs9952482,A,0.30596,0.028692,1.62572e-26,60_53,20304,Y
854,18,57040557,rs11876072,T,-0.353065,0.0356096,3.79846e-23,24_97,28139,Y
855,18,359884,rs17452020,A,-0.33212,0.0405653,2.74446e-16,119_175,2637,Y
856,18,56978299,rs595939,C,0.23505,0.0331456,1.34778e-12,53_230,28045,Y
857,18,57000469,rs2298711,A,0.386097,0.0565509,8.75974e-12,2_232,24136,N
858,18,435127,rs17564381,G,-0.160217,0.0240085,2.53096e-11,42_19,6396,N
859,18,24392609,rs581441,C,0.146658,0.0251552,5.57804e-09,59_20,2098,N
860,18,56717375,18:56717375_ACT_A,A,0.611768,0.106209,8.46553e-09,24_15,26642,N
861,18,21852661,rs45493693,A,-0.242647,0.0441217,3.83015e-08,24_245,989,N
862,18,12914791,rs74977064,G,0.464227,0.0848919,4.5651e-08,78_250,961,N
863,19,40310084,rs4803297,T,-0.219729,0.0289047,2.97844e-14,22_166,23978,Y
864,19,38574772,rs56293547,C,0.383271,0.054196,1.55112e-12,119_185,2400,Y
865,19,48465125,rs16981893,A,-0.317236,0.0457799,4.27989e-12,60_122,778,N
866,19,33526948,rs11880141,A,0.32829,0.0478261,6.77522e-12,111_91,20782,N
867,19,53819078,rs113554270,T,-0.547708,0.0878527,4.57732e-10,86_125,6459,N
868,19,7607564,rs620744,T,0.146877,0.0238016,6.85093e-10,22_52,7933,N
869,19,46181392,rs1800437,C,-0.33103,0.0541163,9.61695e-10,80_249,4714,N
870,19,38804832,19:38804832_AT_A,A,0.224112,0.0368451,1.19274e-09,84_67,5579,N
871,19,47731115,rs10407441,A,-0.177447,0.0294364,1.67209e-09,19_196,7850,N
872,19,19470281,rs139086798,C,0.835841,0.141098,3.16882e-09,24_230,4694,N
873,19,52616176,rs143851121,C,0.700174,0.119021,4.06401e-09,2_40,4559,N
874,19,33628161,19:33628161_AT_A,A,0.19587,0.0338334,7.11968e-09,67_162,23500,N
875,19,18745938,rs145923790,GGT,-0.976907,0.169236,7.86624e-09,94_160,9242,N
876,19,2190947,19:2190947_TTGG_T,T,-0.216168,0.0374731,8.04789e-09,66_148,1224,N
877,19,20442300,rs28706289,C,2.51877,0.44066,1.09842e-08,51_6,264,N
878,19,55722937,rs150960762,A,1.40249,0.246419,1.26767e-08,65_132,562,N
879,19,11059347,rs112334024,T,0.198244,0.0351761,1.75388e-08,42_158,9126,N
880,19,535004,rs7259421,C,0.232568,0.0417197,2.49692e-08,67_125,626,N
881,19,36260208,rs764847718,CTT,-0.321363,0.0576846,2.54746e-08,60_131,711,N
882,19,4065415,rs191258216,G,-0.176656,0.0318021,2.79511e-08,60_44,1963,N
883,19,57777758,rs11669467,C,0.73768,0.132948,2.89634e-08,52_114,5203,N
884,19,33106721,rs10409374,T,3.64544,0.65754,2.97269e-08,111_97,8632,N
885,19,52182363,rs7255413,G,0.167853,0.0304539,3.57421e-08,67_41,2425,N
886,19,39432900,rs151056469,C,-0.229515,0.0418271,4.10606e-08,62_133,440,N
887,20,14580279,rs62202906,A,-0.620508,0.0398795,1.92877e-54,1_200,11227,Y
888,20,36160109,rs183659670,C,-0.974113,0.117192,9.67445e-17,67_162,3944,Y
889,20,37498577,rs6028174,T,0.229962,0.0310472,1.31682e-13,70_100,5494,Y
890,20,7368304,rs2423238,G,0.224327,0.0317447,1.61182e-12,57_99,3092,Y
891,20,33263828,rs370793371,T,0.30308,0.0481004,2.98603e-10,97_250,16759,N
892,20,62897889,rs6011378,C,-0.210334,0.0347365,1.41451e-09,92_79,19209,N
893,20,10801868,rs76814014,T,-0.181436,0.0310677,5.25701e-09,117_46,3896,N
894,20,46115278,rs6122586,T,0.258774,0.0444115,5.69222e-09,63_118,1813,N
895,20,62379990,rs1887406,C,0.290956,0.0501588,6.65029e-09,63_139,915,N
896,20,31328123,rs56389684,CA,-0.227718,0.0393349,7.1209e-09,89_180,4671,N
897,20,18028485,rs6045162,A,0.402876,0.070564,1.14138e-08,54_130,886,N
898,20,52866248,rs144727567,CT,0.478036,0.0843935,1.48508e-08,20_28,1924,N
899,20,14525304,rs6135175,A,-0.236296,0.04177,1.54949e-08,109_15,10992,N
900,20,61176485,rs781787837,G,-0.187168,0.0332733,1.86482e-08,50_215,5274,N
901,20,34178662,rs5841217,A,0.249905,0.045453,3.86097e-08,51_250,5476,N
902,20,10885445,rs764213,C,0.128094,0.0233295,4.02692e-08,109_15,4708,N
903,20,61563408,rs11905041,T,-0.232118,0.0424557,4.59495e-08,74_244,4512,N
904,21,29484814,rs7275579,T,-0.31119,0.0398308,5.71978e-15,52_250,6331,Y
905,21,36612241,rs74848904,A,0.466553,0.061637,3.82553e-14,60_248,2687,Y
906,21,47327542,rs7277632,A,-0.27264,0.041492,5.05762e-11,1_214,8364,N
907,21,38738569,rs113686884,A,0.260964,0.040524,1.20932e-10,13_197,16236,N
908,21,46897214,rs9976834,T,0.210482,0.0330756,1.98965e-10,57_7,4405,N
909,21,44966069,rs7278003,T,-0.149015,0.0245845,1.36132e-09,49_7,13024,N
910,21,38621632,rs117997335,G,-0.459864,0.0788435,5.49558e-09,101_77,19979,N
911,21,20323055,rs143681404,G,0.76656,0.133235,8.80358e-09,40_21,3108,N
912,21,48094803,rs35829851,A,0.201164,0.0351404,1.04379e-08,5_206,2632,N
913,21,35986794,rs570105530,T,-0.893771,0.160793,2.73688e-08,12_56,2567,N
914,21,33969663,rs75667189,A,-0.484813,0.0886549,4.56277e-08,108_12,684,N
915,22,46364161,rs9330813,A,0.398835,0.0330014,1.43043e-33,42_218,28401,Y
916,22,30620891,rs13054238,A,0.282347,0.0309019,6.69986e-20,60_83,21991,Y
917,22,38355724,22:38355724_TA_T,TA,-0.231422,0.0292809,2.77574e-15,60_80,14354,Y
918,22,36422020,rs5756046,G,-0.378344,0.0577865,5.92575e-11,59_239,15857,N
919,22,18389984,rs138542066,AG,-0.166669,0.0262909,2.32922e-10,50_14,6763,N
920,22,29409966,rs17440734,T,0.239895,0.0379635,2.65652e-10,4_218,5005,N
921,22,41899598,rs111825235,A,0.477311,0.0760228,3.45048e-10,100_234,3581,N
922,22,30371350,rs9614123,G,-0.208017,0.0333717,4.60817e-10,61_59,22171,N
923,22,28190414,rs5762358,T,-0.3357,0.0553583,1.3377e-09,118_243,4508,N
924,22,45307931,rs62232243,C,0.266521,0.0454131,4.42123e-09,19_175,11794,N
925,22,48865096,rs17709696,G,0.258277,0.0455622,1.4484e-08,42_156,10172,N
926,22,18013723,rs1974713,C,-0.315677,0.0559605,1.70068e-08,65_135,572,N
927,22,21998748,rs548102430,CTT,-0.227837,0.0408503,2.45667e-08,81_130,2731,N
928,22,23633252,rs131678,G,-0.143798,0.0262091,4.12139e-08,104_10,5863,N
929,22,27776424,rs11703701,A,-0.150783,0.0275975,4.69045e-08,50_29,1993,N
930,22,27795356,rs5752536,G,3.46453,0.635046,4.90865e-08,38_7,85,N
931,23,9857073,rs184371255,G,-0.67055,0.0465663,6.7344e-47,66_88,7541,Y
932,23,68058027,rs554433,C,0.337375,0.0330278,1.81883e-24,9_224,5804,Y
933,23,136508373,rs113485657,A,0.664583,0.0735535,1.70358e-19,118_245,4761,Y
934,23,112145795,rs4829516,T,-0.228698,0.0299854,2.45513e-14,79_136,13128,Y
935,23,17550976,rs4825320,G,0.177585,0.0264817,2.02688e-11,29_99,18201,N
936,23,43951240,rs59269942,C,-0.14042,0.0225027,4.41386e-10,108_25,7370,N
937,23,48691511,rs6609798,G,-0.167904,0.0276619,1.29122e-09,73_233,15838,N
938,23,31305751,rs12014197,T,0.194046,0.0326408,2.78831e-09,20_226,3916,N
939,23,45647942,rs7050010,G,-0.13955,0.0235378,3.07598e-09,91_66,9879,N
940,23,96205963,rs5920978,C,-0.119563,0.0202729,3.71438e-09,53_23,5756,N
941,23,112384358,rs188371135,T,-0.443945,0.0763575,6.14311e-09,2_205,10742,N
942,23,14454646,rs146284057,G,0.54115,0.0931324,6.27264e-09,110_67,8378,N
943,23,114560671,rs2092893,C,-0.231017,0.0400609,8.14429e-09,108_214,1031,N
944,23,97098235,rs318138,T,0.446279,0.0779605,1.04503e-08,18_247,3256,N
945,23,96445832,X:96445832_CAAA_C,CAAA,0.140581,0.0246015,1.10884e-08,88_7,7071,N
946,23,30519954,rs73205899,A,0.225718,0.0395188,1.12647e-08,15_11,1033,N
947,23,78182133,X:78182133_TG_T,T,0.171535,0.0302043,1.36277e-08,64_27,727,N
948,23,11970258,rs5935203,A,0.230496,0.0406421,1.42626e-08,65_126,388,N
949,23,88446956,rs7882292,A,0.364445,0.0644488,1.57064e-08,62_250,1647,N
950,23,114737436,rs112952424,G,0.310741,0.0554143,2.06458e-08,50_207,4433,N
951,23,47181950,rs5953027,A,-0.186339,0.0334031,2.4413e-08,17_9,2064,N
952,23,8693662,rs201858055,C,0.177334,0.0319178,2.77822e-08,110_193,1739,N
953,23,73557618,rs1102647,T,-0.160995,0.0290606,3.04357e-08,35_16,1691,N
954,23,47468742,rs12389289,C,0.227173,0.0410217,3.08027e-08,118_245,7914,N
955,23,152717278,rs143009355,G,0.612651,0.110839,3.27008e-08,45_28,9464,N
956,23,4018843,rs7889890,C,0.114865,0.020916,4.00339e-08,36_8,1227,N
957,23,128037032,rs12688594,T,-1.49185,0.272574,4.44603e-08,36_250,1914,N
958,23,49046935,rs782735545,T,0.113992,0.0208815,4.81548e-08,94_29,15867,N
