,field.showcase,field.html,field.tab,col.type,col.name,discard,Biomarker,nmiss,type,path,parallel_group,cor,n_sig_FDR,n_sig_adj.P.Val,n_sig_bonf,SigLogFC,LogFC,p,sds
1gg_antigen_for_herpes_simplex_virus1,23000,23000-0.0,f.23000.0.0,Integer,1gg_antigen_for_herpes_simplex_virus1_f23000_0_0,FALSE,1gg_antigen_for_herpes_simplex_virus1,0,antigen,antigen,1,0.936029237872016,0,0,0,NaN,0.00153486048861842,0.188718615687209,NA
2mgg_unique_antigen_for_herpes_simplex_virus2,23001,23001-0.0,f.23001.0.0,Integer,2mgg_unique_antigen_for_herpes_simplex_virus2_f23001_0_0,FALSE,2mgg_unique_antigen_for_herpes_simplex_virus2,0,antigen,antigen,1,0.886680260146143,0,0,0,NaN,0.0363082025803756,0.157563521070507,NA
ge_gi_antigen_for_varicella_zoster_virus,23002,23002-0.0,f.23002.0.0,Integer,ge_gi_antigen_for_varicella_zoster_virus_f23002_0_0,FALSE,ge_gi_antigen_for_varicella_zoster_virus,0,antigen,antigen,1,0.868114595503205,0,0,0,NaN,0.100476803120182,0.2986366313906,NA
vca_p18_antigen_for_epsteinbarr_virus,23003,23003-0.0,f.23003.0.0,Integer,vca_p18_antigen_for_epsteinbarr_virus_f23003_0_0,FALSE,vca_p18_antigen_for_epsteinbarr_virus,0,antigen,antigen,1,0.962536524528868,0,0,0,NaN,-0.000417483792305848,0.163170758382915,NA
ebna1_antigen_for_epsteinbarr_virus,23004,23004-0.0,f.23004.0.0,Integer,ebna1_antigen_for_epsteinbarr_virus_f23004_0_0,FALSE,ebna1_antigen_for_epsteinbarr_virus,0,antigen,antigen,1,0.962659338751636,0,0,0,NaN,0.0816367707555762,0.261188952024609,NA
zebra_antigen_for_epsteinbarr_virus,23005,23005-0.0,f.23005.0.0,Integer,zebra_antigen_for_epsteinbarr_virus_f23005_0_0,FALSE,zebra_antigen_for_epsteinbarr_virus,0,antigen,antigen,1,0.943476667585577,0,0,0,NaN,0.190616686786145,0.647332352741021,NA
ead_antigen_for_epsteinbarr_virus,23006,23006-0.0,f.23006.0.0,Integer,ead_antigen_for_epsteinbarr_virus_f23006_0_0,FALSE,ead_antigen_for_epsteinbarr_virus,0,antigen,antigen,1,0.907983107958458,0,0,0,NaN,0.248944268615185,0.909121129354058,NA
pp150_nter_antigen_for_human_cytomegalovirus,23007,23007-0.0,f.23007.0.0,Integer,pp150_nter_antigen_for_human_cytomegalovirus_f23007_0_0,FALSE,pp150_nter_antigen_for_human_cytomegalovirus,0,antigen,antigen,1,0.941412752783009,0,0,0,NaN,0.171160981497568,0.473806867000386,NA
pp_52_antigen_for_human_cytomegalovirus,23008,23008-0.0,f.23008.0.0,Integer,pp_52_antigen_for_human_cytomegalovirus_f23008_0_0,FALSE,pp_52_antigen_for_human_cytomegalovirus,0,antigen,antigen,1,0.916967671061136,0,0,0,NaN,0.0904772463407439,0.201532630251024,NA
pp_28_antigen_for_human_cytomegalovirus,23009,23009-0.0,f.23009.0.0,Integer,pp_28_antigen_for_human_cytomegalovirus_f23009_0_0,FALSE,pp_28_antigen_for_human_cytomegalovirus,0,antigen,antigen,1,0.858391916283005,0,0,0,NaN,0.200825988919439,0.596876811713687,NA
ie1a_antigen_for_human_herpesvirus6,23010,23010-0.0,f.23010.0.0,Integer,ie1a_antigen_for_human_herpesvirus6_f23010_0_0,FALSE,ie1a_antigen_for_human_herpesvirus6,0,antigen,antigen,2,0.932444264186273,0,0,0,NaN,0.199656534066674,0.597905205906088,NA
ie1b_antigen_for_human_herpesvirus6,23011,23011-0.0,f.23011.0.0,Integer,ie1b_antigen_for_human_herpesvirus6_f23011_0_0,FALSE,ie1b_antigen_for_human_herpesvirus6,0,antigen,antigen,2,0.927154174423341,0,0,0,NaN,-0.037332057847654,0.251128321177317,NA
p101_k_antigen_for_human_herpesvirus6,23012,23012-0.0,f.23012.0.0,Integer,p101_k_antigen_for_human_herpesvirus6_f23012_0_0,FALSE,p101_k_antigen_for_human_herpesvirus6,0,antigen,antigen,2,0.896802522180968,0,0,0,NaN,0.00548185355824293,0.116779486406428,NA
u14_antigen_for_human_herpesvirus7,23013,23013-0.0,f.23013.0.0,Integer,u14_antigen_for_human_herpesvirus7_f23013_0_0,FALSE,u14_antigen_for_human_herpesvirus7,0,antigen,antigen,2,0.942224779245594,0,0,0,NaN,-0.121977044141129,0.198866804573388,NA
lana_antigen_for_kaposis_sarcomaassociated_herpesvirus,23014,23014-0.0,f.23014.0.0,Integer,lana_antigen_for_kaposis_sarcomaassociated_herpesvirus_f23014_0_0,FALSE,lana_antigen_for_kaposis_sarcomaassociated_herpesvirus,0,antigen,antigen,2,0.951260825962418,0,0,0,NaN,0.0339305890224082,0.251728687092465,NA
k81_antigen_for_kaposis_sarcomaassociated_herpesvirus,23015,23015-0.0,f.23015.0.0,Integer,k81_antigen_for_kaposis_sarcomaassociated_herpesvirus_f23015_0_0,FALSE,k81_antigen_for_kaposis_sarcomaassociated_herpesvirus,0,antigen,antigen,2,0.764119653801582,0,0,0,NaN,-0.0127755116136742,0.149383498909507,NA
hbc_antigen_for_hepatitis_b_virus,23016,23016-0.0,f.23016.0.0,Integer,hbc_antigen_for_hepatitis_b_virus_f23016_0_0,FALSE,hbc_antigen_for_hepatitis_b_virus,0,antigen,antigen,2,0.957850289278277,0,0,0,NaN,0.0482245487399436,0.253566456025398,NA
hbe_antigen_for_hepatitis_b_virus,23017,23017-0.0,f.23017.0.0,Integer,hbe_antigen_for_hepatitis_b_virus_f23017_0_0,FALSE,hbe_antigen_for_hepatitis_b_virus,0,antigen,antigen,2,0.97122327300177,0,0,0,NaN,-0.0510612137858048,0.226418161739741,NA
core_antigen_for_hepatitis_c_virus,23018,23018-0.0,f.23018.0.0,Integer,core_antigen_for_hepatitis_c_virus_f23018_0_0,FALSE,core_antigen_for_hepatitis_c_virus,0,antigen,antigen,2,0.946525562574603,0,0,0,NaN,-0.160210649506393,0.524962747668683,NA
ns3_antigen_for_hepatitis_c_virus,23019,23019-0.0,f.23019.0.0,Integer,ns3_antigen_for_hepatitis_c_virus_f23019_0_0,FALSE,ns3_antigen_for_hepatitis_c_virus,0,antigen,antigen,2,0.8820729999792,0,0,0,NaN,0.120875402254369,0.319901916117626,NA
p22_antigen_for_toxoplasma_gondii,23020,23020-0.0,f.23020.0.0,Integer,p22_antigen_for_toxoplasma_gondii_f23020_0_0,FALSE,p22_antigen_for_toxoplasma_gondii,0,antigen,antigen,2,0.806005222967104,0,0,0,NaN,0.0453494291201001,0.196318501515523,NA
sag1_antigen_for_toxoplasma_gondii,23021,23021-0.0,f.23021.0.0,Integer,sag1_antigen_for_toxoplasma_gondii_f23021_0_0,FALSE,sag1_antigen_for_toxoplasma_gondii,0,antigen,antigen,2,0.918056337916775,0,0,0,NaN,0.188074149274747,0.524546928620141,NA
htlv1_gag_antigen_for_human_tlymphotropic_virus_1,23022,23022-0.0,f.23022.0.0,Integer,htlv1_gag_antigen_for_human_tlymphotropic_virus_1_f23022_0_0,FALSE,htlv1_gag_antigen_for_human_tlymphotropic_virus_1,0,antigen,antigen,2,0.813022630009708,0,0,0,NaN,-0.238961056417973,0.907903892041719,NA
htlv1_env_antigen_for_human_tlymphotropic_virus_1,23023,23023-0.0,f.23023.0.0,Integer,htlv1_env_antigen_for_human_tlymphotropic_virus_1_f23023_0_0,FALSE,htlv1_env_antigen_for_human_tlymphotropic_virus_1,0,antigen,antigen,2,0.835205335100016,0,0,0,NaN,-0.0194994120767317,0.214449313959954,NA
hiv1_gag_antigen_for_human_immunodeficiency_virus,23024,23024-0.0,f.23024.0.0,Integer,hiv1_gag_antigen_for_human_immunodeficiency_virus_f23024_0_0,FALSE,hiv1_gag_antigen_for_human_immunodeficiency_virus,0,antigen,antigen,2,0.847030241704029,0,0,0,NaN,-0.205608720069849,0.68062898721184,NA
hiv1_env_antigen_for_human_immunodeficiency_virus,23025,23025-0.0,f.23025.0.0,Integer,hiv1_env_antigen_for_human_immunodeficiency_virus_f23025_0_0,FALSE,hiv1_env_antigen_for_human_immunodeficiency_virus,0,antigen,antigen,2,0.841940099127896,0,0,0,NaN,0.0856933935659856,0.250474012340298,NA
bk_vp1_antigen_for_human_polyomavirus_bkv,23026,23026-0.0,f.23026.0.0,Integer,bk_vp1_antigen_for_human_polyomavirus_bkv_f23026_0_0,FALSE,bk_vp1_antigen_for_human_polyomavirus_bkv,0,antigen,antigen,2,0.918122392396553,0,0,0,NaN,0.0227864795926021,0.143004879142236,NA
jc_vp1_antigen_for_human_polyomavirus_jcv,23027,23027-0.0,f.23027.0.0,Integer,jc_vp1_antigen_for_human_polyomavirus_jcv_f23027_0_0,FALSE,jc_vp1_antigen_for_human_polyomavirus_jcv,0,antigen,antigen,2,0.882073736316263,0,0,0,NaN,0.146097534500285,0.433237863017575,NA
mc_vp1_antigen_for_merkel_cell_polyomavirus,23028,23028-0.0,f.23028.0.0,Integer,mc_vp1_antigen_for_merkel_cell_polyomavirus_f23028_0_0,FALSE,mc_vp1_antigen_for_merkel_cell_polyomavirus,0,antigen,antigen,2,0.936730748800629,0,0,0,NaN,0.131222788677073,0.386745433372758,NA
l1_antigen_for_human_papillomavirus_type16,23029,23029-0.0,f.23029.0.0,Integer,l1_antigen_for_human_papillomavirus_type16_f23029_0_0,FALSE,l1_antigen_for_human_papillomavirus_type16,0,antigen,antigen,3,0.872288123018401,0,0,0,NaN,0.174024162502786,0.545696583026996,NA
e6_antigen_for_human_papillomavirus_type16,23030,23030-0.0,f.23030.0.0,Integer,e6_antigen_for_human_papillomavirus_type16_f23030_0_0,FALSE,e6_antigen_for_human_papillomavirus_type16,0,antigen,antigen,3,0.920365361130631,0,0,0,NaN,0.189062887088332,0.601573748519318,NA
e7_antigen_for_human_papillomavirus_type16,23031,23031-0.0,f.23031.0.0,Integer,e7_antigen_for_human_papillomavirus_type16_f23031_0_0,FALSE,e7_antigen_for_human_papillomavirus_type16,0,antigen,antigen,3,0.897488589596004,0,0,0,NaN,0.178728210689798,0.547374441733896,NA
l1_antigen_for_human_papillomavirus_type18,23032,23032-0.0,f.23032.0.0,Integer,l1_antigen_for_human_papillomavirus_type18_f23032_0_0,FALSE,l1_antigen_for_human_papillomavirus_type18,0,antigen,antigen,3,0.874977164857687,0,0,0,NaN,0.132503113728431,0.410380084877462,NA
momp_d_antigen_for_chlamydia_trachomatis,23033,23033-0.0,f.23033.0.0,Integer,momp_d_antigen_for_chlamydia_trachomatis_f23033_0_0,FALSE,momp_d_antigen_for_chlamydia_trachomatis,0,antigen,antigen,3,0.886633673510238,0,0,0,NaN,-0.14667674412457,0.388502924786482,NA
momp_a_antigen_for_chlamydia_trachomatis,23034,23034-0.0,f.23034.0.0,Integer,momp_a_antigen_for_chlamydia_trachomatis_f23034_0_0,FALSE,momp_a_antigen_for_chlamydia_trachomatis,0,antigen,antigen,3,0.884045528613529,0,0,0,NaN,-0.0353442366221629,0.155012822201024,NA
tarpd_f1_antigen_for_chlamydia_trachomatis,23035,23035-0.0,f.23035.0.0,Integer,tarpd_f1_antigen_for_chlamydia_trachomatis_f23035_0_0,FALSE,tarpd_f1_antigen_for_chlamydia_trachomatis,0,antigen,antigen,3,0.842591151219424,0,0,0,NaN,-0.0509738562049762,0.193417934517816,NA
tarpd_f2_antigen_for_chlamydia_trachomatis,23036,23036-0.0,f.23036.0.0,Integer,tarpd_f2_antigen_for_chlamydia_trachomatis_f23036_0_0,FALSE,tarpd_f2_antigen_for_chlamydia_trachomatis,0,antigen,antigen,3,0.91395833747438,0,0,0,NaN,0.00265931836867352,0.148838108146902,NA
porb_antigen_for_chlamydia_trachomatis,23037,23037-0.0,f.23037.0.0,Integer,porb_antigen_for_chlamydia_trachomatis_f23037_0_0,FALSE,porb_antigen_for_chlamydia_trachomatis,0,antigen,antigen,3,0.917155603515011,0,0,0,NaN,-0.236243241195779,0.777135022083162,NA
pgp3_antigen_for_chlamydia_trachomatis,23038,23038-0.0,f.23038.0.0,Integer,pgp3_antigen_for_chlamydia_trachomatis_f23038_0_0,FALSE,pgp3_antigen_for_chlamydia_trachomatis,0,antigen,antigen,3,0.938567953442898,0,0,0,NaN,0.00834881169972627,0.160501574064144,NA
caga_antigen_for_helicobacter_pylori,23039,23039-0.0,f.23039.0.0,Integer,caga_antigen_for_helicobacter_pylori_f23039_0_0,FALSE,caga_antigen_for_helicobacter_pylori,4629,antigen,antigen,3,0.788715286802064,0,0,0,NaN,-0.238234267978795,0.505037718492809,NA
vaca_antigen_for_helicobacter_pylori,23040,23040-0.0,f.23040.0.0,Integer,vaca_antigen_for_helicobacter_pylori_f23040_0_0,FALSE,vaca_antigen_for_helicobacter_pylori,0,antigen,antigen,3,0.834803619365373,0,0,0,NaN,0.0454505565169321,0.144624444926321,NA
omp_antigen_for_helicobacter_pylori,23041,23041-0.0,f.23041.0.0,Integer,omp_antigen_for_helicobacter_pylori_f23041_0_0,FALSE,omp_antigen_for_helicobacter_pylori,0,antigen,antigen,3,0.846630440380101,0,0,0,NaN,0.00164611260155883,0.12093771181934,NA
groel_antigen_for_helicobacter_pylori,23042,23042-0.0,f.23042.0.0,Integer,groel_antigen_for_helicobacter_pylori_f23042_0_0,FALSE,groel_antigen_for_helicobacter_pylori,0,antigen,antigen,3,0.915829871620118,0,0,0,NaN,-0.0144042517552756,0.203112826355694,NA
catalase_antigen_for_helicobacter_pylori,23043,23043-0.0,f.23043.0.0,Integer,catalase_antigen_for_helicobacter_pylori_f23043_0_0,FALSE,catalase_antigen_for_helicobacter_pylori,0,antigen,antigen,3,0.952330720866962,0,0,0,NaN,0.0683927894218047,0.246382033231114,NA
urea_antigen_for_helicobacter_pylori,23044,23044-0.0,f.23044.0.0,Integer,urea_antigen_for_helicobacter_pylori_f23044_0_0,FALSE,urea_antigen_for_helicobacter_pylori,0,antigen,antigen,3,0.904112965652958,0,0,0,NaN,-0.322127464418875,1.33380604736995,NA
hsv1_seropositivity_for_herpes_simplex_virus1,23050,23050-0.0,f.23050.0.0,Categorical (single),hsv1_seropositivity_for_herpes_simplex_virus1_f23050_0_0,FALSE,hsv1_seropositivity_for_herpes_simplex_virus1,0,seropositivity,seropositivity,3,0.925732947970379,0,0,0,NaN,0.0190665878848634,0.151083595977297,NA
hsv2_seropositivity_for_herpes_simplex_virus2,23051,23051-0.0,f.23051.0.0,Categorical (single),hsv2_seropositivity_for_herpes_simplex_virus2_f23051_0_0,FALSE,hsv2_seropositivity_for_herpes_simplex_virus2,0,seropositivity,seropositivity,3,0.881298269064398,0,0,0,NaN,-0.0692406688347328,0.193542951441158,NA
vzv_seropositivity_for_varicella_zoster_virus_,23052,23052-0.0,f.23052.0.0,Categorical (single),vzv_seropositivity_for_varicella_zoster_virus__f23052_0_0,FALSE,vzv_seropositivity_for_varicella_zoster_virus_,0,seropositivity,seropositivity,3,0.846726449976118,0,0,0,NaN,-0.25193270463622,0.916869924931135,NA
ebv_seropositivity_for_epsteinbarr_virus,23053,23053-0.0,f.23053.0.0,Categorical (single),ebv_seropositivity_for_epsteinbarr_virus_f23053_0_0,FALSE,ebv_seropositivity_for_epsteinbarr_virus,0,seropositivity,seropositivity,3,0.961664911794808,0,0,0,NaN,0.168640967460738,0.553654511689723,NA
cmv_seropositivity_for_human_cytomegalovirus,23054,23054-0.0,f.23054.0.0,Categorical (single),cmv_seropositivity_for_human_cytomegalovirus_f23054_0_0,FALSE,cmv_seropositivity_for_human_cytomegalovirus,0,seropositivity,seropositivity,3,0.886362241522012,0,0,0,NaN,0.118918626596754,0.300772324591316,NA
hhv6_overall_seropositivity_for_human_herpesvirus6,23055,23055-0.0,f.23055.0.0,Categorical (single),hhv6_overall_seropositivity_for_human_herpesvirus6_f23055_0_0,FALSE,hhv6_overall_seropositivity_for_human_herpesvirus6,0,seropositivity,seropositivity,4,0.916173358830925,0,0,0,NaN,0.00943327856561801,0.137352731086819,NA
hhv6a_seropositivity_for_human_herpesvirus6,23056,23056-0.0,f.23056.0.0,Categorical (single),hhv6a_seropositivity_for_human_herpesvirus6_f23056_0_0,FALSE,hhv6a_seropositivity_for_human_herpesvirus6,0,seropositivity,seropositivity,4,0.925387349350883,0,0,0,NaN,0.0621570329490214,0.170831861288132,NA
hhv6b_seropositivity_for_human_herpesvirus6,23057,23057-0.0,f.23057.0.0,Categorical (single),hhv6b_seropositivity_for_human_herpesvirus6_f23057_0_0,FALSE,hhv6b_seropositivity_for_human_herpesvirus6,0,seropositivity,seropositivity,4,0.870256191120108,0,0,0,NaN,-0.0215076619069238,0.130690227673136,NA
hhv7_seropositivity_for_human_herpesvirus7,23058,23058-0.0,f.23058.0.0,Categorical (single),hhv7_seropositivity_for_human_herpesvirus7_f23058_0_0,FALSE,hhv7_seropositivity_for_human_herpesvirus7,0,seropositivity,seropositivity,4,0.943767736304449,0,0,0,NaN,-0.0218767844468655,0.186357399490917,NA
kshv_seropositivity_for_kaposis_sarcomaassociated_herpesvirus,23059,23059-0.0,f.23059.0.0,Categorical (single),kshv_seropositivity_for_kaposis_sarcomaassociated_herpesvirus_f23059_0_0,FALSE,kshv_seropositivity_for_kaposis_sarcomaassociated_herpesvirus,0,seropositivity,seropositivity,4,0.954563078094006,0,0,0,NaN,-0.145030171515355,0.505398832839066,NA
hbv_seropositivity_for_hepatitis_b_virus,23060,23060-0.0,f.23060.0.0,Categorical (single),hbv_seropositivity_for_hepatitis_b_virus_f23060_0_0,FALSE,hbv_seropositivity_for_hepatitis_b_virus,0,seropositivity,seropositivity,4,0.982939234445392,0,0,0,NaN,-0.0353825427785283,0.175413778420496,NA
hcv_seropositivity_for_hepatitis_c_virus,23061,23061-0.0,f.23061.0.0,Categorical (single),hcv_seropositivity_for_hepatitis_c_virus_f23061_0_0,FALSE,hcv_seropositivity_for_hepatitis_c_virus,0,seropositivity,seropositivity,4,0.559300494540782,0,0,0,NaN,0.0134417269792112,0.110387901906117,NA
t_gondii_seropositivity_for_toxoplasma_gondii,23062,23062-0.0,f.23062.0.0,Categorical (single),t_gondii_seropositivity_for_toxoplasma_gondii_f23062_0_0,FALSE,t_gondii_seropositivity_for_toxoplasma_gondii,0,seropositivity,seropositivity,4,0.918298746080589,0,0,0,NaN,0.0202585848146874,0.192631655825274,NA
htlv1_seropositivity_for_human_tlymphotropic_virus_1,23063,23063-0.0,f.23063.0.0,Categorical (single),htlv1_seropositivity_for_human_tlymphotropic_virus_1_f23063_0_0,FALSE,htlv1_seropositivity_for_human_tlymphotropic_virus_1,0,seropositivity,seropositivity,4,0.942062305148758,0,0,0,NaN,-0.148122319934455,0.425283094728874,NA
bkv_seropositivity_for_human_polyomavirus_bkv,23065,23065-0.0,f.23065.0.0,Categorical (single),bkv_seropositivity_for_human_polyomavirus_bkv_f23065_0_0,FALSE,bkv_seropositivity_for_human_polyomavirus_bkv,0,seropositivity,seropositivity,4,0.883533882790583,0,0,0,NaN,0.0120165399802253,0.132542445059528,NA
jcv_seropositivity_for_human_polyomavirus_jcv,23066,23066-0.0,f.23066.0.0,Categorical (single),jcv_seropositivity_for_human_polyomavirus_jcv_f23066_0_0,FALSE,jcv_seropositivity_for_human_polyomavirus_jcv,0,seropositivity,seropositivity,4,0.906329785216235,0,0,0,NaN,0.130688312520762,0.385034222727032,NA
mcv_seropositivity_for_merkel_cell_polyomavirus,23067,23067-0.0,f.23067.0.0,Categorical (single),mcv_seropositivity_for_merkel_cell_polyomavirus_f23067_0_0,FALSE,mcv_seropositivity_for_merkel_cell_polyomavirus,0,seropositivity,seropositivity,4,0.919673990166832,0,0,0,NaN,0.083575886941249,0.228881293416273,NA
hpv_16_definition_i_seropositivity_for_human_papillomavirus_type16,23068,23068-0.0,f.23068.0.0,Categorical (single),hpv_16_definition_i_seropositivity_for_human_papillomavirus_type16_f23068_0_0,FALSE,hpv_16_definition_i_seropositivity_for_human_papillomavirus_type16,0,seropositivity,seropositivity,4,0.893492009737877,0,0,0,NaN,0.0181538779606081,0.165838999791164,NA
hpv_18_seropositivity_for_human_papillomavirus_type18,23069,23069-0.0,f.23069.0.0,Categorical (single),hpv_18_seropositivity_for_human_papillomavirus_type18_f23069_0_0,FALSE,hpv_18_seropositivity_for_human_papillomavirus_type18,0,seropositivity,seropositivity,4,0.87420970702223,0,0,0,NaN,0.113712678753011,0.286676973163669,NA
c_trachomatis_definition_i_seropositivity_for_chlamydia_trachomatis,23070,23070-0.0,f.23070.0.0,Categorical (single),c_trachomatis_definition_i_seropositivity_for_chlamydia_trachomatis_f23070_0_0,FALSE,c_trachomatis_definition_i_seropositivity_for_chlamydia_trachomatis,0,seropositivity,seropositivity,4,0.950559799889178,0,0,0,NaN,0.00539873694972777,0.161354799950462,NA
c_trachomatis_definition_ii_seropositivity_for_chlamydia_trachomatis,23071,23071-0.0,f.23071.0.0,Categorical (single),c_trachomatis_definition_ii_seropositivity_for_chlamydia_trachomatis_f23071_0_0,FALSE,c_trachomatis_definition_ii_seropositivity_for_chlamydia_trachomatis,2007,seropositivity,seropositivity,4,0.774682077640941,0,0,0,NaN,-0.211640603708685,0.649805115042489,NA
h_pylori_definition_i_seropositivity_for_helicobacter_pylori,23073,23073-0.0,f.23073.0.0,Categorical (single),h_pylori_definition_i_seropositivity_for_helicobacter_pylori_f23073_0_0,FALSE,h_pylori_definition_i_seropositivity_for_helicobacter_pylori,4629,seropositivity,seropositivity,4,0.681604584369271,0,0,0,NaN,-0.0806016111879423,0.133737987786298,NA
h_pylori_definition_ii_seropositivity_for_helicobacter_pylori,23074,23074-0.0,f.23074.0.0,Categorical (single),h_pylori_definition_ii_seropositivity_for_helicobacter_pylori_f23074_0_0,FALSE,h_pylori_definition_ii_seropositivity_for_helicobacter_pylori,0,seropositivity,seropositivity,4,0.910981666838245,0,0,0,NaN,0.0258059125544876,0.218489059392837,NA
hpv_16_definition_ii_seropositivity_for_human_papillomavirus_type16,23075,23075-0.0,f.23075.0.0,Categorical (single),hpv_16_definition_ii_seropositivity_for_human_papillomavirus_type16_f23075_0_0,FALSE,hpv_16_definition_ii_seropositivity_for_human_papillomavirus_type16,0,seropositivity,seropositivity,4,0.96423406941584,0,20841,0,NaN,0.397346275728763,1.88692522278899,NA
