met,PValue,adjPVal,logFC
Acetate,0.264,0.341,-0.063
Acetoacetate,0.261,0.337,0.064
Acetone,0.167,0.23,0.079
Ala,0.181,0.247,-0.076
Albumin,0.107,0.158,-0.091
ApoA1,0.026,0.047,-0.138
ApoB,0.001,0.003,0.185
ApoB_by_ApoA1,0.0,0.0,0.228
Cholines,0.848,0.884,-0.012
Citrate,0.015,0.03,0.141
Clinical_LDL_C,0.002,0.005,0.174
Creatinine,0.96,0.97,0.003
DHA,0.321,0.402,-0.059
DHA_pct,0.311,0.392,-0.059
Gln,0.804,0.848,0.014
Glucose,0.0,0.0,-0.223
Gly,0.213,0.284,0.074
GlycA,0.881,0.909,-0.009
HDL_C,0.168,0.232,-0.088
HDL_CE,0.189,0.257,-0.083
HDL_CE_pct,0.089,0.134,0.098
HDL_CE_pct_C,0.312,0.393,0.058
HDL_C_pct,0.08,0.123,0.102
HDL_FC,0.122,0.177,-0.099
HDL_FC_by_CE,0.319,0.4,-0.057
HDL_FC_pct,0.291,0.37,0.064
HDL_FC_pct_C,0.337,0.419,-0.055
HDL_L,0.032,0.057,-0.136
HDL_P,0.086,0.131,-0.104
HDL_PL,0.01,0.021,-0.163
HDL_PL_pct,0.002,0.006,-0.177
HDL_TG,0.108,0.159,-0.091
HDL_TG_pct,0.765,0.816,-0.018
HDL_size,0.259,0.336,-0.072
His,0.59,0.665,-0.031
IDL_C,0.009,0.018,0.153
IDL_CE,0.012,0.024,0.147
IDL_CE_pct,0.244,0.319,0.067
IDL_CE_pct_C,0.143,0.203,-0.083
IDL_C_pct,0.057,0.092,0.109
IDL_FC,0.004,0.01,0.166
IDL_FC_by_CE,0.144,0.203,0.083
IDL_FC_pct,0.012,0.023,0.142
IDL_FC_pct_C,0.146,0.206,0.082
IDL_L,0.012,0.024,0.147
IDL_P,0.004,0.009,0.164
IDL_PL,0.005,0.011,0.164
IDL_PL_pct,0.238,0.312,0.067
IDL_TG,0.534,0.613,-0.035
IDL_TG_pct,0.005,0.011,-0.163
Ile,0.232,0.306,-0.069
LA,0.003,0.008,0.168
LA_pct,0.0,0.0,0.28
LDL_C,0.005,0.011,0.159
LDL_CE,0.008,0.017,0.15
LDL_CE_pct,0.138,0.197,0.083
LDL_CE_pct_C,0.129,0.186,-0.088
LDL_C_pct,0.001,0.004,0.184
LDL_FC,0.002,0.005,0.177
LDL_FC_by_CE,0.126,0.181,0.089
LDL_FC_pct,0.03,0.053,0.126
LDL_FC_pct_C,0.114,0.167,0.091
LDL_L,0.008,0.017,0.15
LDL_P,0.001,0.002,0.19
LDL_PL,0.005,0.011,0.16
LDL_PL_pct,0.471,0.554,0.041
LDL_TG,0.485,0.567,-0.04
LDL_TG_pct,0.001,0.002,-0.191
LDL_size,0.037,0.063,0.121
L_HDL_C,0.536,0.615,-0.04
L_HDL_CE,0.605,0.678,-0.033
L_HDL_CE_pct,0.007,0.016,0.156
L_HDL_CE_pct_C,0.023,0.043,0.128
L_HDL_C_pct,0.013,0.026,0.146
L_HDL_FC,0.348,0.43,-0.061
L_HDL_FC_by_CE,0.035,0.06,-0.119
L_HDL_FC_pct,0.433,0.516,0.047
L_HDL_FC_pct_C,0.053,0.087,-0.109
L_HDL_L,0.22,0.292,-0.079
L_HDL_P,0.416,0.5,-0.052
L_HDL_PL,0.093,0.139,-0.109
L_HDL_PL_pct,0.001,0.002,-0.196
L_HDL_TG,0.081,0.124,-0.103
L_HDL_TG_pct,0.678,0.743,-0.024
L_LDL_C,0.005,0.012,0.159
L_LDL_CE,0.007,0.016,0.152
L_LDL_CE_pct,0.104,0.153,0.091
L_LDL_CE_pct_C,0.087,0.133,-0.099
L_LDL_C_pct,0.002,0.005,0.18
L_LDL_FC,0.002,0.006,0.174
L_LDL_FC_by_CE,0.084,0.129,0.1
L_LDL_FC_pct,0.014,0.028,0.143
L_LDL_FC_pct_C,0.076,0.118,0.103
L_LDL_L,0.008,0.017,0.15
L_LDL_P,0.0,0.001,0.199
L_LDL_PL,0.005,0.011,0.159
L_LDL_PL_pct,0.484,0.566,0.04
L_LDL_TG,0.442,0.525,-0.044
L_LDL_TG_pct,0.001,0.002,-0.194
L_VLDL_C,0.087,0.132,0.099
L_VLDL_CE,0.018,0.035,0.135
L_VLDL_CE_pct,0.001,0.003,0.187
L_VLDL_CE_pct_C,0.001,0.003,0.194
L_VLDL_C_pct,0.004,0.008,0.165
L_VLDL_FC,0.291,0.37,0.062
L_VLDL_FC_by_CE,0.001,0.003,-0.197
L_VLDL_FC_pct,0.169,0.234,0.078
L_VLDL_FC_pct_C,0.002,0.006,-0.184
L_VLDL_L,0.44,0.523,0.045
L_VLDL_P,0.572,0.648,0.033
L_VLDL_PL,0.423,0.507,0.047
L_VLDL_PL_pct,0.303,0.383,0.059
L_VLDL_TG,0.836,0.875,0.012
L_VLDL_TG_pct,0.01,0.02,-0.146
Lactate,0.084,0.128,0.1
Leu,0.348,0.43,-0.055
MUFA,0.664,0.73,-0.025
MUFA_pct,0.467,0.549,-0.043
M_HDL_C,0.019,0.036,-0.145
M_HDL_CE,0.02,0.038,-0.143
M_HDL_CE_pct,0.279,0.358,0.062
M_HDL_CE_pct_C,0.111,0.163,0.097
M_HDL_C_pct,0.416,0.499,0.048
M_HDL_FC,0.018,0.033,-0.149
M_HDL_FC_by_CE,0.109,0.16,-0.097
M_HDL_FC_pct,0.539,0.617,-0.039
M_HDL_FC_pct_C,0.108,0.159,-0.098
M_HDL_L,0.004,0.009,-0.179
M_HDL_P,0.012,0.025,-0.155
M_HDL_PL,0.001,0.003,-0.197
M_HDL_PL_pct,0.179,0.245,-0.079
M_HDL_TG,0.063,0.1,-0.105
M_HDL_TG_pct,0.861,0.894,-0.01
M_LDL_C,0.009,0.019,0.147
M_LDL_CE,0.017,0.033,0.135
M_LDL_CE_pct,0.427,0.51,0.045
M_LDL_CE_pct_C,0.341,0.423,-0.055
M_LDL_C_pct,0.004,0.009,0.164
M_LDL_FC,0.002,0.006,0.173
M_LDL_FC_by_CE,0.334,0.415,0.056
M_LDL_FC_pct,0.101,0.151,0.095
M_LDL_FC_pct_C,0.305,0.385,0.059
M_LDL_L,0.014,0.027,0.139
M_LDL_P,0.006,0.013,0.156
M_LDL_PL,0.01,0.021,0.145
M_LDL_PL_pct,0.89,0.917,0.008
M_LDL_TG,0.536,0.615,-0.035
M_LDL_TG_pct,0.001,0.003,-0.184
M_VLDL_C,0.0,0.0,0.225
M_VLDL_CE,0.0,0.0,0.248
M_VLDL_CE_pct,0.002,0.004,0.186
M_VLDL_CE_pct_C,0.002,0.004,0.183
M_VLDL_C_pct,0.001,0.003,0.19
M_VLDL_FC,0.001,0.003,0.188
M_VLDL_FC_by_CE,0.008,0.016,-0.151
M_VLDL_FC_pct,0.0,0.001,0.209
M_VLDL_FC_pct_C,0.003,0.008,-0.173
M_VLDL_L,0.022,0.041,0.13
M_VLDL_P,0.005,0.012,0.159
M_VLDL_PL,0.003,0.008,0.166
M_VLDL_PL_pct,0.0,0.001,0.219
M_VLDL_TG,0.516,0.596,0.037
M_VLDL_TG_pct,0.001,0.003,-0.19
Omega_3,0.183,0.249,-0.078
Omega_3_pct,0.147,0.208,-0.085
Omega_3_pct_PUFA,0.025,0.046,-0.13
Omega_6,0.026,0.047,0.129
Omega_6_by_Omega_3,0.049,0.08,0.115
Omega_6_pct,0.001,0.002,0.199
Omega_6_pct_PUFA,0.018,0.034,0.138
PUFA,0.141,0.2,0.086
PUFA_by_MUFA,0.148,0.209,0.084
PUFA_pct,0.007,0.015,0.156
Phe,0.649,0.717,-0.026
Phosphatidylc,0.581,0.656,-0.034
Phosphoglyc,0.422,0.505,-0.048
Pyruvate,0.542,0.621,0.035
Remnant_C,0.004,0.009,0.165
SFA,0.288,0.367,-0.061
SFA_pct,0.0,0.001,-0.211
S_HDL_C,0.298,0.378,-0.059
S_HDL_CE,0.401,0.484,-0.048
S_HDL_CE_pct,0.028,0.05,0.125
S_HDL_CE_pct_C,0.342,0.424,0.056
S_HDL_C_pct,0.012,0.024,0.142
S_HDL_FC,0.145,0.204,-0.084
S_HDL_FC_by_CE,0.342,0.424,-0.056
S_HDL_FC_pct,0.266,0.343,0.066
S_HDL_FC_pct_C,0.348,0.43,-0.055
S_HDL_L,0.05,0.083,-0.111
S_HDL_P,0.31,0.391,-0.057
S_HDL_PL,0.016,0.03,-0.138
S_HDL_PL_pct,0.001,0.003,-0.192
S_HDL_TG,0.308,0.388,-0.059
S_HDL_TG_pct,0.765,0.816,-0.018
S_LDL_C,0.002,0.006,0.172
S_LDL_CE,0.006,0.013,0.156
S_LDL_CE_pct,0.606,0.679,0.029
S_LDL_CE_pct_C,0.236,0.31,-0.067
S_LDL_C_pct,0.019,0.036,0.132
S_LDL_FC,0.001,0.002,0.195
S_LDL_FC_by_CE,0.226,0.299,0.069
S_LDL_FC_pct,0.073,0.113,0.102
S_LDL_FC_pct_C,0.204,0.274,0.072
S_LDL_L,0.003,0.008,0.166
S_LDL_P,0.002,0.004,0.178
S_LDL_PL,0.001,0.003,0.181
S_LDL_PL_pct,0.867,0.899,0.01
S_LDL_TG,0.69,0.753,-0.023
S_LDL_TG_pct,0.007,0.015,-0.154
S_VLDL_C,0.002,0.004,0.179
S_VLDL_CE,0.003,0.007,0.171
S_VLDL_CE_pct,0.0,0.001,0.205
S_VLDL_CE_pct_C,0.78,0.829,-0.016
S_VLDL_C_pct,0.0,0.001,0.206
S_VLDL_FC,0.001,0.002,0.192
S_VLDL_FC_by_CE,0.811,0.854,0.014
S_VLDL_FC_pct,0.002,0.006,0.177
S_VLDL_FC_pct_C,0.696,0.758,0.023
S_VLDL_L,0.057,0.092,0.109
S_VLDL_P,0.065,0.103,0.105
S_VLDL_PL,0.005,0.011,0.16
S_VLDL_PL_pct,0.002,0.005,0.178
S_VLDL_TG,0.992,0.994,-0.001
S_VLDL_TG_pct,0.001,0.002,-0.191
Sphingomyelins,0.253,0.329,0.069
TG_by_PG,0.98,0.985,-0.002
Total_BCAA,0.435,0.518,-0.045
Total_C,0.026,0.047,0.13
Total_CE,0.033,0.057,0.125
Total_CE_pct,0.014,0.028,0.143
Total_CE_pct_C,0.046,0.076,-0.116
Total_C_pct,0.003,0.008,0.17
Total_FA,0.922,0.942,-0.006
Total_FC,0.016,0.03,0.139
Total_FC_by_CE,0.045,0.076,0.116
Total_FC_pct,0.0,0.0,0.225
Total_FC_pct_C,0.043,0.072,0.118
Total_L,0.261,0.338,0.065
Total_P,0.261,0.338,-0.068
Total_PL,0.817,0.859,0.014
Total_PL_pct,0.007,0.015,-0.159
Total_TG,0.722,0.781,-0.02
Total_TG_pct,0.332,0.414,-0.058
Tyr,0.176,0.241,-0.077
Unsaturation,0.254,0.33,0.067
VLDL_C,0.007,0.015,0.153
VLDL_CE,0.002,0.005,0.175
VLDL_CE_pct,0.011,0.023,0.149
VLDL_CE_pct_C,0.03,0.054,0.129
VLDL_C_pct,0.008,0.016,0.157
VLDL_FC,0.035,0.06,0.12
VLDL_FC_by_CE,0.029,0.052,-0.13
VLDL_FC_pct,0.002,0.005,0.181
VLDL_FC_pct_C,0.037,0.063,-0.124
VLDL_L,0.281,0.359,0.062
VLDL_P,0.046,0.077,0.113
VLDL_PL,0.099,0.148,0.094
VLDL_PL_pct,0.003,0.008,0.172
VLDL_TG,0.904,0.928,-0.007
VLDL_TG_pct,0.012,0.024,-0.148
VLDL_size,0.949,0.962,0.004
Val,0.668,0.734,-0.025
XL_HDL_C,0.573,0.649,0.035
XL_HDL_CE,0.622,0.694,0.031
XL_HDL_CE_pct,0.013,0.025,0.14
XL_HDL_CE_pct_C,0.681,0.745,0.025
XL_HDL_C_pct,0.015,0.03,0.145
XL_HDL_FC,0.388,0.471,0.053
XL_HDL_FC_by_CE,0.945,0.959,-0.004
XL_HDL_FC_pct,0.337,0.419,0.061
XL_HDL_FC_pct_C,0.867,0.899,-0.01
XL_HDL_L,0.928,0.946,0.006
XL_HDL_P,0.768,0.819,0.019
XL_HDL_PL,0.839,0.877,-0.013
XL_HDL_PL_pct,0.453,0.536,-0.045
XL_HDL_TG,0.638,0.707,-0.027
XL_HDL_TG_pct,0.441,0.524,-0.045
XL_VLDL_C,0.116,0.169,0.091
XL_VLDL_CE,0.03,0.053,0.125
XL_VLDL_CE_pct,0.054,0.088,0.111
XL_VLDL_CE_pct_C,0.063,0.1,0.107
XL_VLDL_C_pct,0.047,0.078,0.115
XL_VLDL_FC,0.371,0.454,0.052
XL_VLDL_FC_by_CE,0.069,0.108,-0.105
XL_VLDL_FC_pct,0.046,0.077,0.114
XL_VLDL_FC_pct_C,0.099,0.148,-0.095
XL_VLDL_L,0.831,0.87,0.012
XL_VLDL_P,0.871,0.902,0.01
XL_VLDL_PL,0.558,0.635,0.034
XL_VLDL_PL_pct,0.07,0.11,0.103
XL_VLDL_TG,0.675,0.74,-0.025
XL_VLDL_TG_pct,0.044,0.073,-0.115
XS_VLDL_C,0.005,0.012,0.162
XS_VLDL_CE,0.004,0.009,0.169
XS_VLDL_CE_pct,0.008,0.016,0.157
XS_VLDL_CE_pct_C,0.058,0.093,0.113
XS_VLDL_C_pct,0.004,0.009,0.17
XS_VLDL_FC,0.015,0.029,0.139
XS_VLDL_FC_by_CE,0.058,0.094,-0.113
XS_VLDL_FC_pct,0.0,0.001,0.21
XS_VLDL_FC_pct_C,0.061,0.097,-0.112
XS_VLDL_L,0.05,0.083,0.112
XS_VLDL_P,0.031,0.054,0.123
XS_VLDL_PL,0.057,0.092,0.109
XS_VLDL_PL_pct,0.982,0.987,0.001
XS_VLDL_TG,0.583,0.658,-0.031
XS_VLDL_TG_pct,0.002,0.005,-0.183
XXL_VLDL_C,0.892,0.918,0.008
XXL_VLDL_CE,0.726,0.784,0.02
XXL_VLDL_CE_pct,0.365,0.448,0.051
XXL_VLDL_CE_pct_C,0.363,0.446,0.051
XXL_VLDL_C_pct,0.54,0.619,0.035
XXL_VLDL_FC,0.885,0.913,-0.008
XXL_VLDL_FC_by_CE,0.496,0.578,-0.038
XXL_VLDL_FC_pct,0.943,0.958,0.004
XXL_VLDL_FC_pct_C,0.322,0.403,-0.056
XXL_VLDL_L,0.683,0.747,-0.024
XXL_VLDL_P,0.712,0.771,-0.022
XXL_VLDL_PL,0.795,0.841,-0.015
XXL_VLDL_PL_pct,0.652,0.72,0.026
XXL_VLDL_TG,0.547,0.625,-0.035
XXL_VLDL_TG_pct,0.824,0.865,-0.012
bOHbutyrate,0.003,0.007,0.169
non_HDL_C,0.004,0.009,0.164
